-- MySQL dump 10.13  Distrib 8.0.23, for macos10.15 (x86_64)
--
-- Host: localhost    Database: vk
-- ------------------------------------------------------
-- Server version	8.0.23

/*!40101 SET @OLD_CHARACTER_SET_CLIENT=@@CHARACTER_SET_CLIENT */;
/*!40101 SET @OLD_CHARACTER_SET_RESULTS=@@CHARACTER_SET_RESULTS */;
/*!40101 SET @OLD_COLLATION_CONNECTION=@@COLLATION_CONNECTION */;
/*!50503 SET NAMES utf8mb4 */;
/*!40103 SET @OLD_TIME_ZONE=@@TIME_ZONE */;
/*!40103 SET TIME_ZONE='+00:00' */;
/*!40014 SET @OLD_UNIQUE_CHECKS=@@UNIQUE_CHECKS, UNIQUE_CHECKS=0 */;
/*!40014 SET @OLD_FOREIGN_KEY_CHECKS=@@FOREIGN_KEY_CHECKS, FOREIGN_KEY_CHECKS=0 */;
/*!40101 SET @OLD_SQL_MODE=@@SQL_MODE, SQL_MODE='NO_AUTO_VALUE_ON_ZERO' */;
/*!40111 SET @OLD_SQL_NOTES=@@SQL_NOTES, SQL_NOTES=0 */;

--
-- Table structure for table `communities`
--

DROP TABLE IF EXISTS `communities`;
/*!40101 SET @saved_cs_client     = @@character_set_client */;
/*!50503 SET character_set_client = utf8mb4 */;
CREATE TABLE `communities` (
  `id` int unsigned NOT NULL AUTO_INCREMENT COMMENT 'Идентификатор строки',
  `owner_id` int unsigned NOT NULL,
  `name` varchar(150) CHARACTER SET utf8mb4 COLLATE utf8mb4_unicode_ci NOT NULL COMMENT 'Название группы',
  `created_at` datetime DEFAULT CURRENT_TIMESTAMP COMMENT 'Время создания строки',
  `updated_at` datetime DEFAULT CURRENT_TIMESTAMP ON UPDATE CURRENT_TIMESTAMP COMMENT 'Время обнавления строки',
  PRIMARY KEY (`id`),
  UNIQUE KEY `name` (`name`)
) ENGINE=InnoDB AUTO_INCREMENT=101 DEFAULT CHARSET=utf8mb4 COLLATE=utf8mb4_unicode_ci COMMENT='Группы';
/*!40101 SET character_set_client = @saved_cs_client */;

--
-- Dumping data for table `communities`
--

LOCK TABLES `communities` WRITE;
/*!40000 ALTER TABLE `communities` DISABLE KEYS */;
INSERT INTO `communities` VALUES (1,18,'dicta','2014-07-26 21:51:49','2021-02-16 14:12:49'),(2,55,'aperiam','2011-07-24 17:53:10','2021-02-16 14:12:49'),(3,21,'magnam','2020-07-04 11:32:34','2021-02-16 14:12:49'),(4,40,'totam','2016-03-28 00:23:06','2021-02-16 14:12:49'),(5,34,'distinctio','2013-02-16 09:46:27','2021-02-16 14:12:49'),(6,53,'ex','2012-04-27 19:16:33','2021-02-16 14:12:49'),(7,60,'doloremque','2012-07-16 14:13:21','2021-02-16 14:12:49'),(8,40,'sed','2020-08-21 06:56:18','2021-02-16 14:12:49'),(9,19,'quasi','2019-12-03 02:17:41','2021-02-16 14:12:49'),(10,77,'deserunt','2012-08-16 03:00:28','2021-02-16 14:12:49'),(11,25,'sint','2017-01-10 02:26:56','2021-02-16 14:12:49'),(12,94,'dignissimos','2016-04-04 06:13:31','2021-02-16 14:12:49'),(13,96,'accusamus','2018-10-15 00:26:36','2021-02-16 14:12:49'),(14,98,'culpa','2013-03-06 09:44:02','2021-02-16 14:12:49'),(15,99,'et','2013-08-21 19:10:53','2021-02-16 14:12:49'),(16,1,'quidem','2020-06-23 03:05:48','2021-02-16 14:12:49'),(17,7,'corporis','2014-03-19 21:35:01','2021-02-16 14:12:49'),(18,31,'tempore','2018-08-09 11:26:25','2021-02-16 14:12:49'),(19,36,'quo','2018-04-26 22:49:53','2021-02-16 14:12:49'),(20,87,'iusto','2019-07-12 05:58:50','2021-02-16 14:12:49');
/*!40000 ALTER TABLE `communities` ENABLE KEYS */;
UNLOCK TABLES;

--
-- Table structure for table `communities_users`
--

DROP TABLE IF EXISTS `communities_users`;
/*!40101 SET @saved_cs_client     = @@character_set_client */;
/*!50503 SET character_set_client = utf8mb4 */;
CREATE TABLE `communities_users` (
  `community_id` int unsigned NOT NULL COMMENT 'Ссылка на группу',
  `user_id` int unsigned NOT NULL COMMENT 'Ссылка на пользователя',
  `created_at` datetime DEFAULT CURRENT_TIMESTAMP COMMENT 'Время создания строки',
  PRIMARY KEY (`community_id`,`user_id`) COMMENT 'Составной первичный ключ'
) ENGINE=InnoDB DEFAULT CHARSET=utf8mb4 COLLATE=utf8mb4_unicode_ci COMMENT='Участники групп, связь между пользователями и группами';
/*!40101 SET character_set_client = @saved_cs_client */;

--
-- Dumping data for table `communities_users`
--

LOCK TABLES `communities_users` WRITE;
/*!40000 ALTER TABLE `communities_users` DISABLE KEYS */;
INSERT INTO `communities_users` VALUES (1,8,'2018-09-08 10:21:59'),(1,21,'2020-07-09 02:03:08'),(1,35,'2015-09-25 05:44:09'),(1,41,'2020-01-09 05:00:58'),(1,64,'2019-11-13 22:24:54'),(1,81,'2016-10-03 19:14:21'),(1,89,'2018-06-19 10:27:45'),(1,90,'2017-04-02 03:14:49'),(2,38,'2020-07-21 22:26:12'),(2,71,'2013-11-17 10:46:23'),(3,47,'2020-10-18 16:57:31'),(3,60,'2018-06-02 04:25:13'),(3,67,'2012-01-08 09:06:18'),(3,78,'2017-10-06 17:17:17'),(4,6,'2021-02-13 12:08:56'),(4,24,'2012-07-18 01:49:08'),(4,54,'2013-11-06 10:53:40'),(4,83,'2015-12-10 12:51:05'),(4,100,'2011-06-25 23:54:22'),(5,12,'2018-06-19 05:18:27'),(5,26,'2016-09-02 00:50:07'),(5,27,'2020-06-21 05:02:37'),(5,34,'2017-09-03 15:02:24'),(5,58,'2018-02-28 01:17:02'),(5,87,'2018-12-13 20:54:16'),(5,92,'2016-10-03 13:26:29'),(6,23,'2011-04-29 19:48:33'),(6,48,'2019-08-28 22:45:15'),(6,51,'2013-04-24 16:54:47'),(6,82,'2016-07-23 08:45:08'),(6,88,'2020-05-06 03:17:21'),(7,4,'2015-05-02 18:35:17'),(7,10,'2013-05-23 04:54:09'),(7,31,'2014-09-25 11:11:57'),(7,32,'2018-11-09 10:26:14'),(7,36,'2014-11-04 12:08:35'),(7,43,'2017-02-18 22:23:45'),(7,46,'2013-02-15 12:44:51'),(7,52,'2015-01-20 07:58:37'),(7,80,'2016-02-16 23:38:23'),(8,9,'2014-10-06 06:42:39'),(8,28,'2012-04-20 12:28:01'),(8,45,'2015-11-06 23:34:42'),(8,96,'2016-02-20 04:42:13'),(9,3,'2020-08-12 05:32:52'),(9,13,'2011-06-29 19:06:38'),(9,15,'2014-12-01 15:36:10'),(9,18,'2014-09-11 15:21:51'),(9,19,'2011-07-31 10:38:01'),(9,29,'2015-10-10 03:18:53'),(9,94,'2020-06-21 05:34:47'),(9,98,'2013-02-03 19:38:56'),(10,11,'2017-11-02 12:16:49'),(10,56,'2015-08-14 23:22:28'),(10,86,'2018-10-16 22:23:18'),(10,99,'2012-07-24 10:18:11'),(11,17,'2013-03-20 23:57:26'),(11,42,'2019-06-29 19:49:18'),(11,62,'2013-10-19 03:26:38'),(11,63,'2015-05-21 20:25:49'),(11,79,'2018-03-28 08:33:42'),(12,2,'2012-09-08 00:09:51'),(12,25,'2017-08-02 21:03:40'),(12,40,'2015-09-24 00:55:40'),(12,84,'2014-12-25 07:14:22'),(13,20,'2017-08-01 17:08:47'),(13,65,'2020-09-25 01:10:51'),(13,70,'2011-11-18 03:19:35'),(13,85,'2019-08-09 15:29:57'),(14,22,'2012-07-09 12:56:55'),(14,37,'2018-07-14 11:55:12'),(14,59,'2018-11-03 10:53:42'),(14,76,'2013-01-19 19:13:29'),(14,93,'2012-04-19 21:46:42'),(15,1,'2012-06-25 15:13:33'),(15,30,'2011-03-25 00:31:56'),(16,69,'2021-02-03 03:23:19'),(16,72,'2019-10-14 07:26:16'),(16,97,'2019-05-30 16:30:11'),(17,5,'2016-05-06 15:43:08'),(17,7,'2017-02-12 08:42:50'),(17,16,'2019-07-24 20:04:00'),(17,75,'2020-02-16 00:00:07'),(18,44,'2012-01-05 10:19:26'),(18,49,'2017-02-11 10:51:14'),(18,50,'2021-01-15 13:09:55'),(18,95,'2018-08-02 17:41:35'),(19,33,'2016-08-04 13:51:40'),(19,39,'2019-07-27 19:46:46'),(19,55,'2018-06-30 13:30:59'),(19,57,'2018-10-10 09:28:37'),(19,61,'2019-09-02 10:46:56'),(19,66,'2020-08-19 15:40:26'),(19,68,'2019-08-29 05:20:38'),(19,74,'2020-11-02 14:42:44'),(19,77,'2021-01-25 08:26:06'),(20,14,'2021-01-27 06:21:05'),(20,53,'2014-11-26 08:14:46'),(20,73,'2014-11-24 15:33:36'),(20,91,'2016-02-18 06:48:30');
/*!40000 ALTER TABLE `communities_users` ENABLE KEYS */;
UNLOCK TABLES;

--
-- Table structure for table `frendship`
--

DROP TABLE IF EXISTS `frendship`;
/*!40101 SET @saved_cs_client     = @@character_set_client */;
/*!50503 SET character_set_client = utf8mb4 */;
CREATE TABLE `frendship` (
  `user_id` int unsigned NOT NULL COMMENT 'Ссылка на инициатора дружеских отношений',
  `friend_id` int unsigned NOT NULL COMMENT 'Ссылка на получателя приглашения дружить',
  `friendship_status_id` int unsigned NOT NULL COMMENT 'Статусы',
  `confirmed_at` datetime DEFAULT NULL COMMENT 'Время подтверждения приглашения',
  `created_at` datetime DEFAULT CURRENT_TIMESTAMP COMMENT 'Время создания строки',
  `updated_at` datetime DEFAULT CURRENT_TIMESTAMP ON UPDATE CURRENT_TIMESTAMP COMMENT 'Время обнавления строки',
  PRIMARY KEY (`user_id`,`friend_id`) COMMENT 'Составной первичный ключ'
) ENGINE=InnoDB DEFAULT CHARSET=utf8mb4 COLLATE=utf8mb4_unicode_ci COMMENT='Таблица дружбы';
/*!40101 SET character_set_client = @saved_cs_client */;

--
-- Dumping data for table `frendship`
--

LOCK TABLES `frendship` WRITE;
/*!40000 ALTER TABLE `frendship` DISABLE KEYS */;
INSERT INTO `frendship` VALUES (1,9,1,'2017-10-02 00:33:28','2016-06-23 17:15:04','2021-02-16 14:09:41'),(3,9,2,'2019-09-04 03:33:58','2020-01-28 13:57:10','2021-02-16 14:09:41'),(4,21,3,'2020-08-15 03:25:39','2014-05-17 11:04:47','2021-02-16 14:09:41'),(5,17,2,'2012-08-29 17:32:52','2019-02-14 05:03:54','2021-02-16 14:09:41'),(6,71,1,'2015-11-21 00:19:40','2018-06-20 04:03:20','2021-02-16 14:09:41'),(8,72,2,'2016-03-06 17:22:37','2016-01-23 07:19:44','2021-02-16 14:09:41'),(9,28,1,'2016-08-30 11:31:13','2014-08-29 06:35:06','2021-02-16 14:09:41'),(10,33,2,'2013-11-10 04:13:46','2016-03-24 07:17:04','2021-02-16 14:09:41'),(10,67,2,'2017-07-14 10:42:06','2013-07-18 11:40:38','2021-02-16 14:09:41'),(11,45,1,'2019-09-08 21:51:16','2017-01-11 11:13:27','2021-02-16 14:09:41'),(12,42,3,'2019-03-30 17:50:52','2014-06-13 20:06:23','2021-02-16 14:09:41'),(13,37,3,'2012-09-27 06:26:52','2017-01-18 00:46:45','2021-02-16 14:09:41'),(13,75,2,'2018-01-23 10:00:44','2013-01-24 04:51:59','2021-02-16 14:09:41'),(18,73,1,'2012-05-25 21:55:14','2013-11-01 08:14:24','2021-02-16 14:09:41'),(20,3,1,'2017-09-14 08:06:10','2012-09-05 01:16:43','2021-02-16 14:09:41'),(21,1,2,'2013-10-17 05:34:50','2018-11-14 05:53:51','2021-02-16 14:03:41'),(21,26,2,'2014-01-28 22:32:47','2013-02-08 08:05:14','2021-02-16 14:09:41'),(23,35,2,'2018-06-13 03:22:47','2014-07-21 00:13:17','2021-02-16 14:09:41'),(23,71,2,'2011-05-06 03:44:05','2020-11-28 00:19:57','2021-02-16 14:09:41'),(24,60,1,'2011-07-23 22:32:43','2014-11-23 10:28:37','2021-02-16 14:03:41'),(25,48,1,'2018-05-05 05:22:58','2019-04-08 23:30:36','2021-02-16 14:09:41'),(25,59,3,'2015-08-07 08:47:17','2020-11-26 20:02:38','2021-02-16 14:09:41'),(26,20,2,'2015-05-09 06:18:59','2020-03-15 01:49:09','2021-02-16 14:09:41'),(26,93,1,'2017-05-29 09:02:40','2013-08-02 00:09:57','2021-02-16 14:09:41'),(27,33,1,'2014-05-10 15:04:05','2020-10-23 15:12:50','2021-02-16 14:09:41'),(29,56,1,'2015-06-13 16:02:16','2012-08-27 20:27:40','2021-02-16 14:09:41'),(29,70,3,'2017-03-03 13:09:19','2011-11-08 12:19:01','2021-02-16 14:09:41'),(32,93,1,'2012-06-10 07:59:31','2014-03-06 01:45:09','2021-02-16 14:09:41'),(33,76,3,'2018-05-18 15:31:30','2015-09-02 10:02:20','2021-02-16 14:03:41'),(34,57,2,'2011-06-19 05:41:40','2014-11-03 02:09:08','2021-02-16 14:09:41'),(34,72,2,'2019-09-04 15:10:47','2020-04-09 19:59:35','2021-02-16 14:03:41'),(35,28,2,'2012-03-06 22:40:01','2012-05-31 10:56:26','2021-02-16 14:09:41'),(35,36,2,'2020-12-01 16:33:28','2019-05-15 16:42:33','2021-02-16 14:09:41'),(35,46,3,'2015-10-11 09:01:46','2012-07-16 05:27:30','2021-02-16 14:09:41'),(35,57,3,'2016-08-27 23:25:03','2017-03-13 00:35:41','2021-02-16 14:09:41'),(35,95,1,'2011-06-02 18:54:01','2020-10-14 03:46:33','2021-02-16 14:09:41'),(36,48,2,'2020-07-30 17:57:22','2013-05-24 03:17:53','2021-02-16 14:09:41'),(36,95,1,'2019-01-16 09:32:48','2019-03-30 03:37:11','2021-02-16 14:03:41'),(37,88,2,'2018-12-26 05:34:29','2015-05-10 06:33:11','2021-02-16 14:03:41'),(39,29,3,'2018-04-17 07:28:18','2012-06-07 18:03:47','2021-02-16 14:03:41'),(39,83,2,'2014-08-11 06:33:52','2015-04-27 19:09:22','2021-02-16 14:09:41'),(40,83,1,'2013-01-16 01:14:29','2015-05-27 00:40:36','2021-02-16 14:03:41'),(41,4,1,'2019-04-04 01:07:48','2013-10-27 13:10:16','2021-02-16 14:03:41'),(41,80,2,'2015-08-19 06:43:00','2012-08-18 19:06:12','2021-02-16 14:09:41'),(42,14,1,'2019-08-21 10:40:01','2020-02-24 15:49:16','2021-02-16 14:09:41'),(43,80,2,'2018-10-28 06:35:44','2018-07-16 08:16:32','2021-02-16 14:09:41'),(44,78,2,'2011-09-06 23:53:17','2020-11-28 06:08:11','2021-02-16 14:09:41'),(46,42,1,'2017-02-09 11:28:02','2013-03-05 06:02:06','2021-02-16 14:09:41'),(47,34,3,'2011-05-28 14:13:56','2017-07-22 12:32:28','2021-02-16 14:09:41'),(48,28,3,'2018-04-03 18:25:18','2018-10-10 06:38:13','2021-02-16 14:09:41'),(49,25,3,'2020-11-22 04:24:04','2020-02-23 13:52:00','2021-02-16 14:09:41'),(50,37,2,'2019-03-31 11:13:31','2017-08-31 04:07:15','2021-02-16 14:09:41'),(50,97,3,'2020-04-27 15:14:47','2015-10-08 20:52:27','2021-02-16 14:09:41'),(51,73,3,'2018-04-15 06:56:34','2019-06-12 07:17:30','2021-02-16 14:09:41'),(52,50,1,'2019-02-05 01:38:07','2016-06-07 12:24:38','2021-02-16 14:09:41'),(54,59,3,'2018-05-30 07:02:50','2018-09-09 07:01:47','2021-02-16 14:03:41'),(55,59,1,'2012-06-12 19:23:36','2013-07-30 17:10:16','2021-02-16 14:09:41'),(58,54,1,'2015-09-02 09:31:10','2012-05-13 12:43:50','2021-02-16 14:09:41'),(60,90,2,'2014-03-25 05:45:48','2011-07-22 22:37:47','2021-02-16 14:09:41'),(61,45,2,'2013-02-21 11:39:41','2015-05-15 10:36:35','2021-02-16 14:09:41'),(62,66,1,'2012-12-18 18:36:08','2014-06-08 12:01:55','2021-02-16 14:09:41'),(65,42,3,'2013-03-02 03:17:26','2018-01-23 03:57:37','2021-02-16 14:09:41'),(68,2,2,'2018-02-17 17:17:50','2015-07-15 15:59:42','2021-02-16 14:09:41'),(68,71,3,'2017-11-08 12:34:18','2020-11-29 15:52:59','2021-02-16 14:09:41'),(68,77,1,'2012-11-17 23:00:15','2016-02-07 18:57:44','2021-02-16 14:09:41'),(69,64,3,'2014-03-29 17:25:34','2014-11-03 12:08:36','2021-02-16 14:09:41'),(70,27,1,'2018-09-06 16:00:11','2018-05-03 09:47:41','2021-02-16 14:09:41'),(70,70,1,'2011-10-10 09:50:04','2012-09-15 16:07:15','2021-02-16 14:03:41'),(71,5,2,'2020-12-02 07:38:19','2011-06-27 18:56:05','2021-02-16 14:03:41'),(72,21,2,'2014-02-08 06:04:32','2019-07-21 05:54:47','2021-02-16 14:09:41'),(72,73,3,'2016-09-02 01:28:23','2014-03-17 11:49:31','2021-02-16 14:09:41'),(73,41,1,'2018-08-25 09:33:19','2017-11-12 08:14:15','2021-02-16 14:09:41'),(74,61,3,'2020-08-22 01:11:33','2011-07-26 16:43:29','2021-02-16 14:09:41'),(75,36,2,'2017-07-17 14:20:34','2019-10-07 15:48:15','2021-02-16 14:09:41'),(79,17,3,'2017-03-02 11:41:16','2015-01-27 20:55:03','2021-02-16 14:09:41'),(79,65,3,'2019-08-06 06:48:25','2011-08-03 20:00:33','2021-02-16 14:09:41'),(80,72,2,'2021-02-11 07:57:08','2020-09-24 20:01:45','2021-02-16 14:09:41'),(81,33,2,'2018-02-21 19:13:32','2015-02-04 14:13:58','2021-02-16 14:09:41'),(81,71,1,'2016-02-02 16:27:14','2020-01-16 12:36:22','2021-02-16 14:03:41'),(82,76,1,'2015-03-16 00:59:23','2020-04-22 11:25:44','2021-02-16 14:09:41'),(83,14,1,'2018-01-05 02:39:14','2020-04-25 08:11:54','2021-02-16 14:09:41'),(84,8,2,'2019-07-20 04:38:25','2014-09-27 21:55:34','2021-02-16 14:09:41'),(84,36,1,'2018-01-11 16:39:25','2018-08-13 01:56:01','2021-02-16 14:09:41'),(85,45,1,'2019-09-29 19:54:11','2019-10-21 00:17:14','2021-02-16 14:09:41'),(85,52,3,'2013-04-15 09:21:32','2011-05-15 12:40:00','2021-02-16 14:09:41'),(85,100,2,'2017-06-14 06:28:06','2012-02-25 11:28:10','2021-02-16 14:09:41'),(89,9,1,'2020-08-27 00:37:56','2011-08-18 03:04:04','2021-02-16 14:09:41'),(90,11,3,'2012-12-03 10:28:05','2013-07-07 17:06:58','2021-02-16 14:09:41'),(90,22,1,'2012-05-03 02:35:45','2021-02-06 02:19:02','2021-02-16 14:09:41'),(90,86,2,'2012-08-30 15:19:20','2017-12-16 08:16:21','2021-02-16 14:03:41'),(90,88,2,'2013-02-18 04:53:59','2019-07-15 08:52:11','2021-02-16 14:09:41'),(91,56,1,'2017-05-16 03:49:31','2012-11-08 10:29:45','2021-02-16 14:09:41'),(92,14,1,'2014-10-04 04:37:10','2013-03-11 21:42:30','2021-02-16 14:09:41'),(94,1,3,'2011-11-14 08:59:57','2017-07-05 10:03:24','2021-02-16 14:09:41'),(94,22,2,'2018-05-16 05:23:48','2011-10-15 11:46:50','2021-02-16 14:09:41'),(95,28,3,'2016-07-10 21:23:44','2018-09-11 19:25:26','2021-02-16 14:03:41'),(95,65,3,'2015-02-07 17:55:49','2016-05-28 23:40:57','2021-02-16 14:03:41'),(96,16,1,'2013-04-16 17:40:22','2016-12-25 23:07:27','2021-02-16 14:09:41'),(97,98,1,'2018-09-24 07:29:55','2015-06-06 10:48:38','2021-02-16 14:09:41'),(99,47,1,'2015-12-22 11:47:21','2012-05-27 19:55:51','2021-02-16 14:09:41');
/*!40000 ALTER TABLE `frendship` ENABLE KEYS */;
UNLOCK TABLES;

--
-- Table structure for table `friendship_statuses`
--

DROP TABLE IF EXISTS `friendship_statuses`;
/*!40101 SET @saved_cs_client     = @@character_set_client */;
/*!50503 SET character_set_client = utf8mb4 */;
CREATE TABLE `friendship_statuses` (
  `id` int unsigned NOT NULL AUTO_INCREMENT COMMENT 'Идентификатор строки',
  `name` varchar(150) CHARACTER SET utf8mb4 COLLATE utf8mb4_unicode_ci NOT NULL COMMENT 'Название статуса',
  `created_at` datetime DEFAULT CURRENT_TIMESTAMP COMMENT 'Время создания строки',
  `updated_at` datetime DEFAULT CURRENT_TIMESTAMP ON UPDATE CURRENT_TIMESTAMP COMMENT 'Время обнавления строки',
  PRIMARY KEY (`id`),
  UNIQUE KEY `name` (`name`)
) ENGINE=InnoDB AUTO_INCREMENT=4 DEFAULT CHARSET=utf8mb4 COLLATE=utf8mb4_unicode_ci COMMENT='Статусы дружбы';
/*!40101 SET character_set_client = @saved_cs_client */;

--
-- Dumping data for table `friendship_statuses`
--

LOCK TABLES `friendship_statuses` WRITE;
/*!40000 ALTER TABLE `friendship_statuses` DISABLE KEYS */;
INSERT INTO `friendship_statuses` VALUES (1,'Requested','2021-02-16 14:08:40','2021-02-16 14:08:40'),(2,'Confirmed','2021-02-16 14:08:40','2021-02-16 14:08:40'),(3,'Rejected','2021-02-16 14:08:40','2021-02-16 14:08:40');
/*!40000 ALTER TABLE `friendship_statuses` ENABLE KEYS */;
UNLOCK TABLES;

--
-- Table structure for table `media`
--

DROP TABLE IF EXISTS `media`;
/*!40101 SET @saved_cs_client     = @@character_set_client */;
/*!50503 SET character_set_client = utf8mb4 */;
CREATE TABLE `media` (
  `id` int unsigned NOT NULL AUTO_INCREMENT COMMENT 'Идентификатор строки',
  `user_id` int unsigned NOT NULL COMMENT 'Ссылка на пользователя, который загрузил файл',
  `filename` varchar(255) CHARACTER SET utf8mb4 COLLATE utf8mb4_unicode_ci NOT NULL COMMENT 'Путь к файлу',
  `size` int NOT NULL COMMENT 'Размер файла',
  `metadata` longtext CHARACTER SET utf8mb4 COLLATE utf8mb4_bin COMMENT 'Методанные файла',
  `media_type_id` int unsigned NOT NULL COMMENT 'Ссылка на тип контента',
  `created_at` datetime DEFAULT CURRENT_TIMESTAMP COMMENT 'Время создания строки',
  `updated_at` datetime DEFAULT CURRENT_TIMESTAMP ON UPDATE CURRENT_TIMESTAMP COMMENT 'Время обновления строки',
  PRIMARY KEY (`id`),
  CONSTRAINT `media_chk_1` CHECK (json_valid(`metadata`))
) ENGINE=InnoDB AUTO_INCREMENT=51 DEFAULT CHARSET=utf8mb4 COLLATE=utf8mb4_unicode_ci COMMENT='Медиафайлы';
/*!40101 SET character_set_client = @saved_cs_client */;

--
-- Dumping data for table `media`
--

LOCK TABLES `media` WRITE;
/*!40000 ALTER TABLE `media` DISABLE KEYS */;
INSERT INTO `media` VALUES (1,51,'http://dropbox.com/vk/necessitatibus.mpeg4',44136,'{\"owner\":\"Alisha Watsica\"}',2,'2017-06-06 22:47:00','2021-02-16 14:49:49'),(2,61,'http://dropbox.com/vk/aspernatur.mp3',327380,'{\"owner\":\"Carolanne Klein\"}',2,'2012-03-11 08:43:51','2021-02-16 13:41:54'),(3,52,'http://dropbox.com/vk/et.png',494496,'{\"owner\":\"Eusebio Grant\"}',3,'2018-10-15 13:04:26','2021-02-16 14:49:49'),(4,74,'http://dropbox.com/vk/temporibus.mp3',67200,'{\"owner\":\"Talon Grimes\"}',3,'2018-12-11 04:46:14','2021-02-16 14:49:49'),(5,14,'http://dropbox.com/vk/et.mp3',18336,'{\"owner\":\"Zora Williamson\"}',1,'2011-12-05 21:31:36','2021-02-16 13:41:54'),(6,47,'http://dropbox.com/vk/et.png',480338,'{\"owner\":\"Cloyd Durgan\"}',3,'2013-08-20 18:59:53','2021-02-16 13:58:45'),(7,94,'http://dropbox.com/vk/tenetur.mpeg4',30839344,'{\"owner\":\"Bonita Predovic\"}',2,'2020-12-25 06:10:06','2021-02-16 14:49:49'),(8,28,'http://dropbox.com/vk/ipsum.avi',908204,'{\"owner\":\"Ollie Schinner\"}',2,'2020-02-21 04:06:22','2021-02-16 13:58:45'),(9,59,'http://dropbox.com/vk/quae.mpeg4',65613,'{\"owner\":\"Bridie Eichmann\"}',1,'2018-12-04 03:36:50','2021-02-16 14:49:49'),(10,8,'http://dropbox.com/vk/consequatur.png',680129,'{\"owner\":\"Soledad Collins\"}',3,'2020-02-04 00:12:32','2021-02-16 13:58:45'),(11,64,'http://dropbox.com/vk/repudiandae.avi',916478,'{\"owner\":\"Kenton Adams\"}',1,'2015-07-29 11:18:15','2021-02-16 14:49:49'),(12,96,'http://dropbox.com/vk/tenetur.png',2613576,'{\"owner\":\"Thalia Kunde\"}',2,'2015-06-24 07:16:16','2021-02-16 14:49:49'),(13,87,'http://dropbox.com/vk/consequatur.mpeg4',240981215,'{\"owner\":\"Adele Lakin\"}',3,'2011-08-01 01:11:38','2021-02-16 14:49:49'),(14,45,'http://dropbox.com/vk/est.mp3',97740226,'{\"owner\":\"Madaline Rodriguez\"}',2,'2015-09-04 06:15:17','2021-02-16 13:41:54'),(15,62,'http://dropbox.com/vk/suscipit.avi',90006,'{\"owner\":\"Stanton Kiehn\"}',2,'2013-04-06 03:02:23','2021-02-16 13:58:45'),(16,78,'http://dropbox.com/vk/consequuntur.avi',715420,'{\"owner\":\"Gunnar Stehr\"}',1,'2013-08-21 13:40:49','2021-02-16 13:58:45'),(17,2,'http://dropbox.com/vk/eum.mpeg4',297082,'{\"owner\":\"Louvenia Hahn\"}',1,'2012-07-11 23:57:43','2021-02-16 14:49:49'),(18,74,'http://dropbox.com/vk/inventore.mp3',329151,'{\"owner\":\"Talon Grimes\"}',2,'2013-05-23 22:27:32','2021-02-16 14:49:49'),(19,65,'http://dropbox.com/vk/sed.mp3',150045795,'{\"owner\":\"Pat Hyatt\"}',1,'2014-08-20 03:44:51','2021-02-16 14:49:49'),(20,100,'http://dropbox.com/vk/rem.avi',744508,'{\"owner\":\"Karina O\'Hara\"}',3,'2017-04-25 08:09:21','2021-02-16 14:49:49'),(21,7,'http://dropbox.com/vk/et.mpeg4',725090,'{\"owner\":\"Shyanne Barrows\"}',3,'2021-01-30 11:10:38','2021-02-16 14:49:49'),(22,35,'http://dropbox.com/vk/reprehenderit.png',381925,'{\"owner\":\"Elenor Parisian\"}',2,'2018-06-29 17:46:20','2021-02-16 13:41:54'),(23,55,'http://dropbox.com/vk/occaecati.avi',724355,'{\"owner\":\"Doyle Prohaska\"}',3,'2018-12-10 20:13:29','2021-02-16 14:49:49'),(24,66,'http://dropbox.com/vk/eos.mp3',32000041,'{\"owner\":\"Vicky Lockman\"}',3,'2017-02-21 20:40:37','2021-02-16 13:58:45'),(25,66,'http://dropbox.com/vk/repellendus.mpeg4',693184239,'{\"owner\":\"Vicky Lockman\"}',2,'2021-02-11 10:15:45','2021-02-16 14:49:49'),(26,32,'http://dropbox.com/vk/fugit.png',465999,'{\"owner\":\"Eliza Runolfsson\"}',1,'2017-02-06 22:33:03','2021-02-16 14:49:49'),(27,61,'http://dropbox.com/vk/sed.mpeg4',146933,'{\"owner\":\"Carolanne Klein\"}',1,'2011-12-04 22:19:15','2021-02-16 14:49:49'),(28,8,'http://dropbox.com/vk/eos.png',326669,'{\"owner\":\"Soledad Collins\"}',2,'2020-04-12 14:38:37','2021-02-16 14:49:49'),(29,58,'http://dropbox.com/vk/possimus.png',182548,'{\"owner\":\"Afton Grady\"}',2,'2016-12-13 18:14:19','2021-02-16 14:49:49'),(30,66,'http://dropbox.com/vk/mollitia.avi',497891,'{\"owner\":\"Vicky Lockman\"}',1,'2013-03-04 14:29:39','2021-02-16 13:58:45'),(31,53,'http://dropbox.com/vk/numquam.avi',23152,'{\"owner\":\"Mekhi Daugherty\"}',2,'2014-01-04 15:20:48','2021-02-16 14:49:49'),(32,68,'http://dropbox.com/vk/accusantium.png',922731,'{\"owner\":\"Keely Johnson\"}',1,'2012-08-11 01:12:20','2021-02-16 13:58:45'),(33,82,'http://dropbox.com/vk/sint.avi',95998914,'{\"owner\":\"Ethelyn Windler\"}',3,'2011-12-31 13:06:41','2021-02-16 13:58:45'),(34,4,'http://dropbox.com/vk/deserunt.mp3',22623,'{\"owner\":\"Mekhi Anderson\"}',1,'2016-08-09 22:22:11','2021-02-16 14:49:49'),(35,73,'http://dropbox.com/vk/voluptas.mp3',56012,'{\"owner\":\"Katharina Klocko\"}',3,'2013-12-17 03:09:46','2021-02-16 13:41:54'),(36,51,'http://dropbox.com/vk/consequuntur.avi',965130,'{\"owner\":\"Alisha Watsica\"}',3,'2017-09-24 02:16:56','2021-02-16 14:49:49'),(37,39,'http://dropbox.com/vk/veniam.mpeg4',2581507,'{\"owner\":\"Mariano Jacobs\"}',1,'2018-10-26 14:37:59','2021-02-16 14:49:49'),(38,39,'http://dropbox.com/vk/voluptatem.mpeg4',501867,'{\"owner\":\"Mariano Jacobs\"}',1,'2016-08-29 22:44:56','2021-02-16 13:58:45'),(39,79,'http://dropbox.com/vk/et.mpeg4',331298,'{\"owner\":\"Laurence Kreiger\"}',3,'2016-12-13 22:36:02','2021-02-16 14:49:49'),(40,75,'http://dropbox.com/vk/repellendus.avi',2562642,'{\"owner\":\"Pasquale Kshlerin\"}',1,'2014-12-14 19:16:18','2021-02-16 14:49:49'),(41,40,'http://dropbox.com/vk/occaecati.avi',140890,'{\"owner\":\"Davonte Kulas\"}',1,'2013-03-08 20:18:46','2021-02-16 14:49:49'),(42,74,'http://dropbox.com/vk/et.mpeg4',700559,'{\"owner\":\"Talon Grimes\"}',2,'2017-03-22 03:27:35','2021-02-16 14:49:49'),(43,48,'http://dropbox.com/vk/corrupti.png',5447519,'{\"owner\":\"Ardella Konopelski\"}',1,'2017-12-15 12:59:47','2021-02-16 14:49:49'),(44,20,'http://dropbox.com/vk/recusandae.avi',12577612,'{\"owner\":\"Keagan Stoltenberg\"}',2,'2014-06-04 12:53:15','2021-02-16 14:49:49'),(45,55,'http://dropbox.com/vk/autem.png',70124,'{\"owner\":\"Doyle Prohaska\"}',3,'2018-03-31 03:01:11','2021-02-16 14:49:49'),(46,13,'http://dropbox.com/vk/voluptatibus.avi',353148612,'{\"owner\":\"Thad Conn\"}',2,'2019-04-18 20:29:40','2021-02-16 14:49:49'),(47,1,'http://dropbox.com/vk/eaque.mpeg4',238945,'{\"owner\":\"Edwina Gleichner\"}',1,'2015-01-30 05:21:38','2021-02-16 14:49:49'),(48,65,'http://dropbox.com/vk/nostrum.mp3',974350,'{\"owner\":\"Pat Hyatt\"}',2,'2016-02-19 09:56:13','2021-02-16 14:49:49'),(49,20,'http://dropbox.com/vk/quasi.mpeg4',144919,'{\"owner\":\"Keagan Stoltenberg\"}',3,'2019-08-02 08:06:00','2021-02-16 14:49:49'),(50,8,'http://dropbox.com/vk/dolores.png',77002265,'{\"owner\":\"Soledad Collins\"}',2,'2019-11-25 23:58:05','2021-02-16 14:49:49');
/*!40000 ALTER TABLE `media` ENABLE KEYS */;
UNLOCK TABLES;

--
-- Table structure for table `media_types`
--

DROP TABLE IF EXISTS `media_types`;
/*!40101 SET @saved_cs_client     = @@character_set_client */;
/*!50503 SET character_set_client = utf8mb4 */;
CREATE TABLE `media_types` (
  `id` int unsigned NOT NULL AUTO_INCREMENT COMMENT 'Идентификатор строки',
  `name` varchar(255) CHARACTER SET utf8mb4 COLLATE utf8mb4_unicode_ci NOT NULL COMMENT 'Название типа',
  `created_at` datetime DEFAULT CURRENT_TIMESTAMP COMMENT 'Время создания строки',
  `updated_at` datetime DEFAULT CURRENT_TIMESTAMP ON UPDATE CURRENT_TIMESTAMP COMMENT 'Время обновления строки',
  PRIMARY KEY (`id`),
  UNIQUE KEY `name` (`name`)
) ENGINE=InnoDB AUTO_INCREMENT=4 DEFAULT CHARSET=utf8mb4 COLLATE=utf8mb4_unicode_ci;
/*!40101 SET character_set_client = @saved_cs_client */;

--
-- Dumping data for table `media_types`
--

LOCK TABLES `media_types` WRITE;
/*!40000 ALTER TABLE `media_types` DISABLE KEYS */;
INSERT INTO `media_types` VALUES (1,'audio','2021-02-16 13:54:55','2021-02-16 13:54:55'),(2,'video','2021-02-16 13:54:55','2021-02-16 13:54:55'),(3,'image','2021-02-16 13:54:55','2021-02-16 13:54:55');
/*!40000 ALTER TABLE `media_types` ENABLE KEYS */;
UNLOCK TABLES;

--
-- Table structure for table `messages`
--

DROP TABLE IF EXISTS `messages`;
/*!40101 SET @saved_cs_client     = @@character_set_client */;
/*!50503 SET character_set_client = utf8mb4 */;
CREATE TABLE `messages` (
  `id` int unsigned NOT NULL AUTO_INCREMENT COMMENT 'Идентификатор строки',
  `from_user_id` int unsigned NOT NULL COMMENT 'Ссылка на отправителя сообщения',
  `to_user_id` int unsigned NOT NULL COMMENT 'Ссылка на получателя сообщения',
  `body` text CHARACTER SET utf8mb4 COLLATE utf8mb4_unicode_ci NOT NULL COMMENT 'Текст сообщения',
  `is_important` tinyint(1) DEFAULT NULL COMMENT 'Признак важности',
  `is_delivered` tinyint(1) DEFAULT NULL COMMENT 'Признак доставки',
  `created_at` datetime DEFAULT CURRENT_TIMESTAMP COMMENT 'Время создания строки',
  PRIMARY KEY (`id`)
) ENGINE=InnoDB AUTO_INCREMENT=201 DEFAULT CHARSET=utf8mb4 COLLATE=utf8mb4_unicode_ci COMMENT='Сообщения';
/*!40101 SET character_set_client = @saved_cs_client */;

--
-- Dumping data for table `messages`
--

LOCK TABLES `messages` WRITE;
/*!40000 ALTER TABLE `messages` DISABLE KEYS */;
INSERT INTO `messages` VALUES (1,21,7,'Exercitationem dolorum enim in ipsam laboriosam. Cumque dolores et velit velit. Corrupti nemo atque nam officia sint.',0,0,'2015-04-25 20:07:05'),(2,71,33,'Ducimus ipsa id nostrum blanditiis dolor quia pariatur. Facere saepe qui sequi unde nisi vero qui. Harum ratione voluptates in aut ut maxime ipsa aut. Quaerat magni recusandae sed excepturi.',1,0,'2011-06-08 09:06:48'),(3,51,55,'Modi est magni perferendis voluptatem nihil qui. Eaque quam quisquam sequi est sunt sapiente deleniti. Ut voluptatem cupiditate omnis nihil et sit aliquam.',0,0,'2011-08-03 14:48:55'),(4,20,38,'Laboriosam eum assumenda porro consequuntur. Veritatis cum perspiciatis dolorum sit animi eaque.',0,1,'2019-06-16 00:52:04'),(5,27,21,'Officia est ex est itaque non. Maiores et atque saepe accusamus voluptatem. Omnis quidem voluptas explicabo eius odit dolorem. Quo commodi occaecati quam.',1,1,'2017-10-17 00:13:39'),(6,26,63,'Veniam ut maxime ullam dolores repudiandae molestias. Necessitatibus officiis consequatur aut qui nihil. Ipsum culpa eaque qui. Corporis animi voluptatem architecto magnam.',0,0,'2014-01-25 12:02:29'),(7,37,97,'Quibusdam ex non natus est modi repellendus. Dolorem dolore rerum assumenda consequatur voluptatibus quia. Aut velit illo ea architecto et.',0,1,'2018-10-19 06:03:26'),(8,71,66,'Eligendi voluptatem in nihil qui neque tenetur. Consequatur consequatur et et unde non et est in. Quod quasi necessitatibus error beatae. Non consequatur vero consequatur aut.',1,1,'2018-01-08 15:26:22'),(9,16,80,'Sunt aut architecto et corporis. Adipisci iusto voluptatem quam exercitationem. Suscipit voluptate corporis est autem fuga delectus. Fuga dignissimos laborum et voluptatem quia eaque vitae autem.',0,0,'2014-07-22 10:08:16'),(10,51,14,'Rerum tenetur enim aperiam occaecati non. Quidem vitae distinctio modi natus magnam odio. Facere accusantium molestiae soluta quibusdam. Veniam sint et quaerat corrupti.',1,1,'2020-05-12 08:20:12'),(11,18,48,'Voluptas assumenda nam quidem consequatur illo. Ipsa inventore reiciendis earum. Iure esse debitis iure dignissimos esse. Nihil distinctio aut est corporis est numquam.',0,1,'2013-12-31 06:16:44'),(12,83,73,'Voluptates repellat quia asperiores et sunt. Rem sunt minus provident dolor. Occaecati et ea quaerat. Quae exercitationem necessitatibus quasi sed rerum odio tempore.',0,1,'2019-01-06 16:39:35'),(13,17,63,'Ratione molestiae nulla voluptatibus magni. Sint et ullam sint consequuntur. Aut inventore est sed suscipit. Ab quos quas rerum optio maiores quia voluptate.',0,0,'2020-08-31 12:47:43'),(14,63,28,'Nobis animi facere explicabo quo dolores. Assumenda sunt fugiat saepe rerum dolor beatae vel. Consequuntur quia aliquid consequuntur quos. Animi et ex placeat accusamus.',1,0,'2015-10-26 06:36:26'),(15,48,58,'Aut delectus aperiam excepturi ipsum. Sequi nihil ex illum laboriosam. Tempora et voluptatem quis non dicta sequi amet. Cupiditate dignissimos omnis aut sunt.',1,0,'2017-12-22 02:08:46'),(16,46,54,'Culpa cum accusamus voluptatem mollitia et saepe commodi. Et repellendus dolorum sunt. Ab est voluptatem qui animi quibusdam. Sunt quia iusto tenetur nulla.',1,1,'2012-11-02 14:57:32'),(17,33,100,'Quia accusamus non quam voluptatem rem. Ut qui laboriosam quis beatae dolorem vel ut. Explicabo a ad consequuntur. Aut repellendus reiciendis aut eum officia.',1,0,'2018-07-19 18:02:46'),(18,100,2,'Vero ab fugit perspiciatis velit. Ut quisquam beatae eos accusamus. Accusamus quam officia repellendus dolore.',1,1,'2015-01-14 13:36:49'),(19,7,30,'Repellendus consequatur in quos qui rerum dolores. Omnis sunt veritatis nostrum aut est recusandae molestiae. Commodi et mollitia et sit perferendis modi. Qui voluptatum in sed.',0,0,'2020-08-21 09:53:29'),(20,27,46,'Ut quod sed voluptas magni. Distinctio ut ut occaecati qui et. Hic et repudiandae voluptatem ad et.',0,0,'2020-11-15 12:31:32'),(21,49,4,'Ut perspiciatis voluptatem placeat ducimus odio. Minima quasi et saepe consequatur. Culpa autem consequatur modi veritatis quisquam.',1,0,'2017-12-21 00:30:33'),(22,73,54,'Rerum repellat excepturi voluptatem unde sequi similique libero. Quia ut dolore sed molestiae nihil similique. Alias sunt culpa iusto voluptatibus. Maiores optio perferendis sequi natus.',1,1,'2011-07-30 18:45:57'),(23,52,96,'Esse ea perferendis non natus quas corrupti. Et ea earum vero nihil itaque voluptatibus.',0,1,'2012-05-08 03:49:15'),(24,23,26,'Quia tenetur minus ea quam maiores in. Cumque quod facere eius tempore consequuntur dolores voluptatem. Adipisci et ab velit fugit quia sequi. Ut maxime ea maiores.',0,1,'2012-08-22 20:52:22'),(25,60,23,'Omnis iusto et repudiandae nemo. Placeat suscipit et reiciendis ut. Dicta facere sit corporis odit ipsa eveniet vel.',1,0,'2015-11-01 16:19:05'),(26,33,95,'Et nihil unde aliquid laudantium est molestiae sint cupiditate. Alias rerum reprehenderit et qui consequuntur exercitationem ullam. Assumenda est voluptatem itaque voluptatem quaerat omnis mollitia.',1,0,'2016-07-06 06:35:09'),(27,78,5,'Nihil dolorem harum reiciendis nemo. Accusamus possimus ut atque ratione quidem est voluptates.',1,0,'2016-02-24 17:21:59'),(28,89,31,'Quisquam dolores libero quisquam autem. Delectus veniam et excepturi debitis fugiat voluptas ipsam. Consequatur voluptatem corrupti et fugit. Deleniti saepe eligendi dolores vel ea perspiciatis.',1,0,'2018-04-22 05:32:51'),(29,85,31,'Architecto beatae magni odio quo. Animi tempore rerum praesentium temporibus. Vero distinctio esse totam aut. Ab quibusdam est omnis rerum et.',0,1,'2016-06-21 17:57:05'),(30,99,1,'Dolores aut distinctio nobis repellat dicta praesentium. Cupiditate amet omnis excepturi architecto perferendis nihil ipsum. Voluptas unde aliquid maxime vitae cupiditate non.',0,0,'2012-09-17 16:50:12'),(31,9,39,'Eum et aspernatur est minus qui qui. Id repellat molestiae doloribus doloribus.',1,1,'2014-05-10 04:29:02'),(32,70,31,'Reprehenderit adipisci quod accusamus ab. Temporibus error eligendi et aliquam. Sit et molestiae tempore temporibus.',1,1,'2012-04-11 19:15:08'),(33,46,35,'Id optio provident ducimus quisquam aut. Consequatur porro sit molestiae nobis possimus.',0,0,'2015-09-20 07:44:34'),(34,37,79,'Natus eum omnis cum aliquam maxime dolores. Laborum odio porro maiores ad asperiores itaque.',1,1,'2014-06-21 01:06:53'),(35,84,82,'Ut molestias aut ipsa quo. Aut velit maxime in corrupti. Blanditiis quos quia temporibus sit perferendis. Incidunt dolorem voluptatibus quia sint voluptates eos dolores.',1,0,'2020-03-01 02:56:02'),(36,58,43,'Asperiores aut ut maxime. Explicabo ea dolor voluptates tenetur dolores.',1,1,'2018-03-12 00:59:49'),(37,43,82,'Est itaque autem aliquid voluptas molestiae nam eos. Veritatis consequatur molestias sunt. Doloribus et aut ut eveniet.',0,0,'2014-06-17 06:43:45'),(38,82,64,'Dolor qui laudantium nemo autem ipsa. Impedit accusantium iusto voluptas reprehenderit. Veritatis ut labore esse vero. Accusamus qui recusandae unde nisi et voluptas.',0,1,'2012-01-18 12:14:48'),(39,72,68,'Quo inventore delectus et amet. Pariatur sit qui fugit aut veniam. Modi illo laboriosam ut repellendus. Architecto et aut voluptatem omnis.',1,0,'2013-11-09 18:58:37'),(40,24,15,'Totam neque eos esse. Est occaecati praesentium nulla eos labore. Et ut ut quibusdam optio accusantium non delectus.',0,0,'2020-12-08 06:16:44'),(41,1,59,'Repellat quis voluptatibus a. Officia adipisci id eius sint et nesciunt corrupti porro.\nModi provident optio nostrum. Minima omnis qui quos debitis minus.',0,0,'2011-05-02 14:17:02'),(42,95,94,'Dignissimos qui quia numquam ea nihil nulla sequi. Ratione recusandae in perspiciatis error natus totam dolore est. Dolore laboriosam sint quae tempora blanditiis illum labore.',1,1,'2017-09-05 18:33:52'),(43,87,50,'Eum qui optio non iste esse. Excepturi nisi nesciunt aliquam possimus. Eaque accusantium reprehenderit vel assumenda velit tempora.',1,0,'2014-07-31 22:05:47'),(44,88,91,'Necessitatibus distinctio voluptatibus perferendis voluptatem. Nulla et suscipit voluptatem.',1,1,'2017-01-26 19:49:52'),(45,89,71,'Accusantium voluptas et ut commodi quam temporibus. Sequi officiis ex quibusdam cupiditate cupiditate provident. Omnis aut qui atque molestiae a minus.',1,0,'2011-07-07 04:45:06'),(46,88,26,'Saepe voluptas temporibus velit nihil. Fuga hic porro odio omnis. Sit aut adipisci accusantium atque sint non quia.',0,0,'2018-03-29 04:26:09'),(47,65,49,'Nostrum dolorum aut tempore non nam quae ullam. Temporibus itaque quas aut dolores atque. Ducimus et at enim libero.',0,0,'2018-04-05 03:25:18'),(48,49,95,'Sunt omnis et quidem distinctio dolor et earum assumenda. Maiores quos eligendi modi. Et optio et ut quia saepe. Quis consequatur officiis accusamus expedita minima unde.',1,1,'2018-11-16 11:26:51'),(49,29,58,'Fugit quia repudiandae recusandae quod ipsum quod. Commodi odit ea odit voluptas nam nihil architecto. Numquam earum qui impedit.',1,1,'2019-02-26 19:10:43'),(50,3,39,'Sint autem fugit excepturi labore ut. Odit nihil atque aliquid omnis tenetur. Doloremque ratione tempora tempore et maxime.',0,0,'2017-05-13 09:31:20'),(51,87,19,'Rem officiis deserunt omnis odio. Repellat sunt est soluta exercitationem. A et praesentium est explicabo ipsam dolorum. Et adipisci ex quia eos maiores.',0,0,'2018-10-14 11:11:09'),(52,31,100,'Inventore error ut ipsum velit laudantium atque ea. Doloremque assumenda explicabo itaque eum ipsum. Vero et laboriosam harum. Blanditiis sed aliquid incidunt quas id quam tempora.',1,0,'2021-02-06 00:29:22'),(53,5,24,'Ut recusandae nisi eius perferendis molestiae quia. Dolor magnam nesciunt consectetur dolorem. At enim assumenda sint sunt.',1,0,'2016-02-23 22:42:56'),(54,6,56,'Eum exercitationem possimus dolor. Delectus laborum voluptas est aut vero consequatur quo. Et est quia eaque inventore est quia. Aut rerum est sed impedit.',0,0,'2012-07-18 02:51:14'),(55,62,40,'Sequi ea non pariatur velit cumque facilis fugiat. Praesentium velit voluptatem aliquam dolorem rerum quae architecto. Tenetur et eaque quisquam fuga.',0,1,'2015-04-16 18:08:14'),(56,15,56,'Qui nihil quidem est tempore in optio minus. Facere corporis placeat voluptatem earum deserunt deleniti nesciunt. Omnis quia molestiae quidem.',0,1,'2020-01-11 11:07:06'),(57,31,89,'Voluptate cum voluptatibus rerum repudiandae. Qui dolor laborum consequatur. Provident perferendis soluta qui ut. Magni quisquam amet facilis est sapiente et eum sit.',1,1,'2019-09-25 13:53:05'),(58,52,92,'Dolore quia alias vitae. Iste et non eos tempore molestiae. Enim beatae aliquam itaque eius. Enim consequuntur omnis provident qui asperiores.',1,0,'2011-11-13 14:36:35'),(59,2,33,'Quis architecto pariatur impedit. Quia ut ad aut. Velit voluptatum blanditiis in asperiores impedit.',0,0,'2017-12-31 08:49:09'),(60,60,2,'Suscipit iure sed sit laudantium qui saepe distinctio. Natus laudantium enim aspernatur laudantium quaerat. Itaque enim ullam perferendis facere sit.',0,1,'2012-06-25 09:00:32'),(61,28,32,'Sapiente rerum in quia. Amet cumque natus quidem perspiciatis et ea. Saepe eligendi aut explicabo omnis dolor. Nobis aut perferendis iusto.',1,1,'2016-01-15 04:00:45'),(62,77,87,'Ducimus soluta eum culpa rem aspernatur aut dolore occaecati. Alias nam qui saepe nam. Libero expedita dicta animi voluptas.',1,1,'2018-02-10 18:19:25'),(63,3,54,'Qui est corrupti nihil. Quas dolor nostrum nostrum adipisci consectetur. Omnis molestias quia quos maiores reiciendis inventore eveniet. Repudiandae sit ipsum sed repellendus aliquid esse nemo et.',0,1,'2018-12-25 12:58:01'),(64,59,35,'Ea cumque perspiciatis enim labore et dolorem non quaerat. Distinctio fugiat animi totam veritatis enim. Nobis et incidunt dolorem.',1,1,'2020-10-21 04:03:08'),(65,97,79,'Omnis culpa similique quo et. Omnis qui id ut facere nobis recusandae sit. Officia qui velit est rerum ut eos et. Ut expedita officiis assumenda.',0,1,'2013-12-25 08:17:16'),(66,4,83,'Perferendis sint ullam eum ea. Nihil accusantium facilis doloremque hic amet itaque ducimus minima. Sed dolor asperiores fugit molestias voluptas eos deserunt.',1,0,'2012-03-03 05:01:38'),(67,1,54,'Est natus ut sint aut voluptas. Est facilis esse sint quaerat et. Quibusdam nostrum neque doloremque perspiciatis omnis facilis.',1,0,'2017-04-30 11:20:31'),(68,69,81,'Est ut odio corrupti maiores non. Numquam vitae corporis debitis quo unde quasi quaerat. Fuga vel maiores neque ex. Vel iure dignissimos velit similique velit corporis eum.',1,0,'2014-02-19 04:45:58'),(69,98,48,'Tempore in est veritatis hic optio qui architecto. Quae consectetur perspiciatis tempora aut. Rerum libero et soluta sapiente et vitae omnis rerum. Vel perspiciatis ex assumenda et ea iure.',1,0,'2019-09-27 12:23:22'),(70,43,73,'Eligendi officiis et laborum non at. Ex id ut doloribus esse nesciunt dolores. Asperiores dolores eaque facere eum. Similique at quisquam placeat enim. Dignissimos vel vel ullam.',1,1,'2014-07-10 00:02:30'),(71,36,58,'Nemo qui porro qui necessitatibus quo molestias. Non architecto autem cumque voluptatem consectetur. Sint quia aut eligendi doloribus. Est aut adipisci sit esse eaque facilis dignissimos.',0,1,'2021-02-09 05:11:18'),(72,85,47,'Non illum quibusdam ipsa autem. Rem nemo consequuntur sequi quo sit harum consequatur. Ex est quam neque cumque.',1,1,'2019-10-14 20:26:41'),(73,82,67,'Id odio qui hic adipisci vitae enim dolores quisquam. Voluptatem voluptatem autem beatae ipsa consequatur. Repudiandae ea in sint.',1,1,'2017-06-23 06:31:16'),(74,89,46,'Ipsa qui eum aspernatur autem quaerat. Sit animi repudiandae ipsam ut sed. Natus aut illum maiores vel. Dolore debitis vel sit earum minus eius ea. Provident dicta similique eos et.',0,0,'2018-10-23 01:52:01'),(75,59,57,'Qui enim eos culpa optio et. Assumenda harum asperiores ut possimus commodi aut.\nAut et qui dolorum id magnam et. Hic rem odio fugit commodi. Aut non id sed. Et optio nesciunt quas.',0,1,'2018-12-10 15:36:06'),(76,7,64,'Dicta adipisci aut veniam nulla tenetur asperiores rerum iusto. Eum voluptas occaecati eligendi velit. Maiores quo rem et nihil alias nam. Quia non dolores culpa enim voluptas. Id ipsam in nulla.',1,0,'2014-10-26 10:00:03'),(77,100,8,'Nihil maiores reiciendis atque dolorem quod quasi. Vel excepturi sequi repellat ducimus. Nam sunt quibusdam libero et odio quas ut alias.',0,1,'2011-06-11 18:47:03'),(78,37,61,'Voluptatem nisi ipsam cupiditate eligendi adipisci. Est voluptate minima maiores in nulla. Nulla id ad et dolorem est nulla unde. Nesciunt hic repellat dolorem voluptatem dolores.',1,1,'2017-03-21 13:09:38'),(79,94,86,'Ut laborum error repudiandae possimus minima aliquam aut. Dolor qui ea eligendi maxime sit.\nQuidem incidunt vitae sed soluta. Ipsa provident quasi id est fugit autem. Harum nesciunt eos et.',1,0,'2019-01-03 22:33:10'),(80,50,90,'Laboriosam ea qui sed amet accusantium. Quidem quisquam repellendus debitis. Eligendi fugit quas voluptatum. Tenetur et nam blanditiis autem voluptates maiores.',0,1,'2014-05-21 12:47:52'),(81,98,21,'Sed assumenda quia et enim est. Aut dolorem eum aut et officiis numquam est. Qui et vel eum magni. Sapiente aut laborum iusto reiciendis ipsum.',1,0,'2014-12-18 08:23:21'),(82,10,88,'Impedit dolores illum illum et laboriosam eos deserunt ipsum. Iste itaque voluptatem error provident facilis minus voluptatem cum. Assumenda praesentium et quam architecto molestiae.',1,0,'2016-06-24 19:45:24'),(83,9,82,'Blanditiis temporibus voluptatibus doloribus ut. Facilis dicta saepe quibusdam sed. Tenetur quod et ut itaque. Sed id quasi debitis fugiat qui aspernatur.',1,1,'2013-09-30 06:22:30'),(84,80,54,'Praesentium sit aliquam vitae fuga. Distinctio qui dolor voluptas voluptatum.',0,0,'2014-03-14 21:13:32'),(85,28,78,'Aut asperiores repudiandae officiis sed. At ut ut porro suscipit. Laudantium aut odit molestiae eius quia officiis. Laborum voluptatem excepturi molestiae nesciunt error sapiente.',1,1,'2016-10-18 22:32:01'),(86,5,93,'Illo ex deleniti corrupti facilis. Quia consequatur tempora sit libero numquam et. Nihil vel et qui amet iste sint repudiandae.',0,1,'2014-04-06 17:26:37'),(87,47,56,'Consequatur repellat et fugiat quo ad velit quia. Velit dolorum corporis iure laboriosam cumque facere. Repellat laboriosam commodi quisquam.',0,0,'2020-08-06 00:51:51'),(88,39,25,'Nihil delectus blanditiis officiis nihil ea. Impedit reiciendis accusantium quia autem quaerat provident voluptatem deserunt. Qui qui sed eveniet quo dolore. Quidem nam aut et eveniet.',1,1,'2011-08-08 16:31:14'),(89,7,59,'Vitae et saepe odio ut qui velit. Ut quos exercitationem dolores quos aut laboriosam corrupti eligendi. Deleniti provident qui voluptatem illo iusto. Voluptatem molestiae accusantium est et.',0,0,'2012-10-27 07:44:34'),(90,74,93,'Adipisci error et cupiditate quae. Omnis ut necessitatibus eaque non totam hic illo. Error ut possimus architecto ipsum. Dolorum quia distinctio atque necessitatibus expedita.',1,0,'2015-01-12 23:33:52'),(91,42,31,'Officiis mollitia debitis aspernatur labore necessitatibus et qui. Voluptates et et natus officia ab doloribus cumque. Dolores cupiditate aliquid placeat voluptatem.',0,1,'2017-03-19 02:07:32'),(92,29,51,'In vero a reiciendis earum. Ullam quia aliquid quia dignissimos ut. Et deserunt omnis adipisci omnis eum ut ut.\nEos voluptatem sequi qui non qui. Illo velit molestiae omnis aliquam sed quia.',1,0,'2013-04-23 13:34:52'),(93,67,80,'Et tempora quasi sed ratione dicta. Animi iusto aspernatur fugit quasi vitae. Tempore aut repellendus repudiandae non. Et debitis voluptates id eligendi.',0,0,'2015-03-17 19:40:31'),(94,100,59,'Possimus ut est dolores qui atque. Ullam maiores aut sunt non non. Sequi magnam pariatur et debitis sequi nisi omnis. Corrupti et harum nihil omnis.',0,1,'2012-05-24 20:33:07'),(95,93,88,'Qui saepe repellendus quia ut. Rerum ea omnis rem blanditiis ut. Ullam fugiat quis iure magnam eum doloremque tempore maxime.',0,0,'2013-05-04 23:55:33'),(96,61,41,'Consequatur at voluptas aliquam esse. Quaerat quos voluptate assumenda. Architecto non tempora possimus aut odio quibusdam rerum. Quibusdam perspiciatis officia perspiciatis voluptas maxime velit.',1,1,'2013-03-11 00:40:27'),(97,20,79,'Odio sit ut enim voluptas voluptatem earum nemo voluptas. Aut quam dolorem dolore aut. Minus qui aperiam porro. Repellat impedit in qui quod ut voluptates provident dolores.',1,0,'2015-01-07 00:11:06'),(98,32,24,'Nisi soluta libero ad enim cum. Ab fuga at impedit repellat. Consectetur doloremque provident dolor officiis distinctio minima nisi.',1,1,'2012-04-24 13:32:14'),(99,24,45,'Magni eos maiores saepe qui et tempora quibusdam illum. Quas reiciendis autem ad consectetur qui.',1,0,'2013-05-06 00:32:51'),(100,55,37,'Maiores asperiores quis autem labore et. Numquam eaque molestiae provident. Aut nihil qui ipsa nemo eos atque. Ut est maiores odit quia voluptate.',0,0,'2018-10-26 13:09:05'),(101,21,94,'Magnam aut neque sed delectus voluptatum voluptatem vel. Voluptatem dolorem sapiente reprehenderit minus sapiente. Reiciendis laudantium natus perferendis repellat omnis.',0,1,'2018-06-08 13:38:41'),(102,7,52,'Autem sed maxime quis quia sapiente quia. Et recusandae cupiditate omnis magnam. Quos consequatur blanditiis officia quo aut rerum.',0,0,'2014-09-09 08:22:18'),(103,37,29,'Iure sit officiis in rerum dolor voluptates. Commodi qui est architecto voluptatibus sunt maiores. Et omnis architecto sapiente doloribus maxime ut ab. Ab quo enim quo sunt corrupti repellendus.',0,0,'2015-01-05 04:06:45'),(104,35,89,'Ut exercitationem recusandae sapiente tempore enim est maxime. Iure enim vitae placeat.\nNon quisquam ut libero harum. Accusamus autem qui sequi rerum nisi sit magnam. Quis in quia excepturi omnis.',0,1,'2018-12-24 14:06:24'),(105,36,15,'Libero quia voluptatem exercitationem libero. Eos ea voluptas enim quia aspernatur ipsum sit. Sed natus earum ut officia. Praesentium ipsa voluptas velit rerum.',1,1,'2016-02-01 16:39:17'),(106,66,85,'Animi architecto molestiae rerum aut illo omnis. Similique non officia officiis reiciendis sit harum ut aut. Consequatur quidem nobis veritatis aut earum ea nihil.',0,0,'2012-10-11 05:50:51'),(107,27,78,'Voluptate molestias non dolorem possimus. Incidunt necessitatibus aliquid eum soluta debitis. In aliquam quisquam reiciendis ad sed.',0,0,'2016-07-29 08:53:12'),(108,8,4,'Enim voluptatum quia iusto mollitia sunt numquam. Ut numquam sit perspiciatis ut ut officiis architecto.',1,1,'2014-05-31 08:02:08'),(109,98,79,'Mollitia sunt voluptas deserunt quaerat. Enim distinctio tempore veritatis provident. Rerum delectus blanditiis et eum. Ut minus vitae omnis dolore dolor accusantium.',1,1,'2018-12-30 02:28:57'),(110,98,51,'Commodi similique accusantium fugiat odio ratione. Optio maiores et et molestiae tenetur et rerum. Consequuntur id assumenda quo reiciendis. Minus earum molestiae velit.',0,1,'2020-07-30 07:58:31'),(111,63,59,'Provident saepe dolorem temporibus et ipsam ipsum eligendi non. Hic et fugiat quisquam dolor error aliquid necessitatibus. Voluptas velit voluptas qui sed optio.',0,0,'2018-05-31 04:32:10'),(112,6,54,'Et asperiores et exercitationem sit. Dolore blanditiis neque est ratione repudiandae. Dolorum et nam est autem sint dolore aperiam dolor.',1,1,'2017-02-10 09:01:19'),(113,52,96,'Voluptatem delectus in voluptates quaerat in accusamus qui. Voluptas et id illo. Repellat aut excepturi repellendus.',1,0,'2012-11-25 04:12:34'),(114,25,35,'Doloremque et consequatur illo quos nemo. Magnam quia maiores quidem porro hic voluptatem amet quas. Nemo quae commodi sed reprehenderit rerum culpa nihil.',0,0,'2020-07-08 15:25:33'),(115,100,94,'Non similique adipisci quisquam a. Ut voluptas aliquam sed. Iste nihil molestias hic porro doloremque. Et ut laboriosam accusantium iure.',1,1,'2018-03-04 11:49:06'),(116,71,70,'Omnis velit maxime sed modi occaecati. Culpa atque quia temporibus voluptatem veniam. Voluptatem corrupti neque eos. Sunt quia et a doloribus ipsa.',0,0,'2018-05-22 00:46:34'),(117,39,85,'Qui explicabo nostrum doloribus voluptatibus sit ipsum corporis. Iure non in dolor minus et culpa quasi. Nemo iste pariatur qui. Porro aspernatur sint animi enim.',1,1,'2013-08-05 01:28:31'),(118,7,78,'Aliquid expedita perspiciatis minus. In et iusto porro ab. Officiis velit suscipit et tempora impedit consectetur.',0,1,'2017-03-30 21:12:43'),(119,70,14,'Maiores facere explicabo optio laboriosam. Necessitatibus aut impedit eos dolore facilis.',1,1,'2016-03-13 05:33:58'),(120,61,61,'Quibusdam explicabo tenetur ut ut iste. Unde asperiores accusamus et. Id aut non pariatur inventore magni omnis. Nihil necessitatibus eos nam perspiciatis assumenda nemo nisi.',1,1,'2014-12-29 14:24:10'),(121,23,33,'Quidem totam repellat voluptas tempora ut quis veniam. Sit quod rerum non at. Impedit sit ipsam magni consectetur ullam explicabo odit.',1,1,'2020-11-02 20:13:16'),(122,92,64,'Soluta qui saepe autem esse nesciunt. Fuga magni quo qui amet ratione voluptates et voluptatem. Eos suscipit blanditiis quia ut molestiae aperiam a. Dolorem occaecati vel ipsam.',1,1,'2018-09-25 12:54:21'),(123,41,13,'Debitis minima qui nam illo. Asperiores officiis et nihil quo provident nobis est. Culpa blanditiis dolor ratione aliquid.',0,1,'2017-03-01 01:40:07'),(124,41,68,'Consequuntur fuga sit atque harum. Libero vero qui porro dolore recusandae ducimus. Accusamus iure dignissimos itaque sapiente cupiditate veritatis. Fugiat dolores aut sunt.',1,1,'2016-10-06 08:14:52'),(125,13,62,'Nobis a rem ducimus vitae aut cupiditate omnis voluptatum. Ut deserunt dolor nulla nemo. Sequi similique quo nihil beatae numquam. Quis quis error doloribus harum fuga sit dicta.',0,0,'2017-07-26 09:18:48'),(126,71,66,'Blanditiis omnis consequatur repellat. Quis eligendi doloribus porro eum commodi quis deleniti. Voluptatum laboriosam ratione vel provident. Enim tempore alias quo rerum velit temporibus est.',0,1,'2014-10-26 03:45:10'),(127,19,97,'In dolor possimus minus sapiente quisquam. Error quis maxime perspiciatis quia modi quibusdam. Aut blanditiis error asperiores eveniet consequuntur quos voluptate eum. Et asperiores adipisci odio et.',1,0,'2018-01-30 01:10:55'),(128,25,35,'Autem minus soluta enim. Qui alias quae atque atque vel aut. Facilis placeat natus doloribus possimus fuga dolores. Maiores repellat itaque ipsa optio iure.',1,0,'2013-09-26 10:51:54'),(129,98,85,'Sit repellendus et repellat voluptatem eius. Possimus perferendis quis dolor natus. Natus et voluptatem modi ab eos magni. Libero iste dolore et est.',0,1,'2013-08-04 08:48:25'),(130,30,94,'Ea nihil quia quaerat et aspernatur cupiditate. Quas tempore asperiores quis fugiat sit omnis vitae. Accusantium similique placeat autem officiis.',0,0,'2014-06-06 05:11:56'),(131,80,16,'Rerum voluptatibus libero facere doloribus ut. Quia fugiat consequatur velit est. Placeat fugiat aliquid corporis non perspiciatis. Impedit ut dolorem et cumque et.',1,1,'2015-01-03 07:42:24'),(132,42,61,'Vero ipsam voluptas non sequi. Et a esse aliquid et esse minima. Officiis molestiae eos sit non voluptas earum.',0,1,'2016-10-19 13:03:48'),(133,77,2,'Eum eum autem repellat explicabo. Ex accusamus quibusdam omnis tenetur ipsa quo. Et sunt dolores inventore. Enim nulla possimus et non omnis quos vitae.',0,0,'2015-04-20 01:32:49'),(134,80,92,'Alias maxime aspernatur totam corporis magni quas facilis. Magnam laboriosam exercitationem sint est similique tempore quod in. At sit quae ea molestiae accusantium porro nisi.',0,0,'2014-02-24 07:33:47'),(135,21,30,'Alias incidunt itaque ut ea. Unde distinctio sit maiores ex illo. Deleniti nemo quia nihil laboriosam assumenda sint. Architecto quia temporibus facere et ea laboriosam.',1,1,'2012-08-07 19:01:08'),(136,83,28,'Placeat itaque harum quidem eveniet eos accusamus. Et aut consequatur illo aut consectetur quos. Rem molestias porro numquam. Cumque quo aut ex possimus quas repellendus distinctio.',0,0,'2018-03-29 03:04:54'),(137,87,53,'Ut dignissimos sit corporis ipsum eveniet consequatur. Qui est praesentium minima nobis. Iure ducimus id qui nihil. Aliquid delectus fuga neque nisi.',0,0,'2018-07-28 05:03:28'),(138,1,45,'Eius in optio enim quia aut aut fugiat. Ea consectetur consequatur necessitatibus et sit ipsum. Eveniet porro velit quis.',1,0,'2012-09-19 05:00:42'),(139,23,78,'Dignissimos sed quis rerum ullam vitae et dolor. Quia deserunt fuga iusto rerum. Quidem enim et harum nostrum facere.',1,1,'2012-01-21 14:41:27'),(140,21,71,'Ut nostrum ut velit ea occaecati eaque. Dolores explicabo nobis ratione et quo et ab. Iusto quas sint est non consectetur dolorem.',0,0,'2019-04-06 11:24:41'),(141,91,43,'Iusto fuga harum voluptate iure. Ratione nam laboriosam repudiandae consequatur quasi. Quasi beatae error esse praesentium. Dolorum est velit asperiores quam.',1,0,'2020-09-17 04:06:07'),(142,41,74,'Quis soluta sunt nemo rerum tempore nihil ducimus. Recusandae similique modi fugit autem ut rem velit. Et sunt at et vero ex tempore. Dicta blanditiis autem perspiciatis alias quam quia fuga.',0,1,'2017-07-29 18:22:20'),(143,48,17,'Unde odit tempore ut quia. Quia unde natus eligendi modi rerum esse consequatur. Fuga nobis omnis et. Nesciunt sint qui beatae nostrum voluptatem expedita ipsum alias.',1,1,'2013-08-18 13:16:49'),(144,41,52,'Assumenda magni sequi dolor rerum harum corrupti et. Quis laboriosam et perspiciatis rerum. Repellendus iure sunt sed quia quia. Voluptatem ad provident ab aut expedita labore corporis.',1,0,'2012-03-27 20:10:09'),(145,37,28,'Placeat ea qui qui nobis in. Ipsa inventore aut quo delectus. Expedita quo doloremque reprehenderit quis et vel. Nemo impedit voluptas ad voluptas nesciunt aut earum.',1,0,'2015-10-16 02:55:20'),(146,28,56,'Qui non voluptates quia voluptatem ut dolorum. Voluptatum nemo recusandae sapiente deleniti.',1,0,'2013-04-30 06:13:37'),(147,96,9,'Ipsum repellendus officia aliquid. Quasi voluptatem ducimus hic nam deleniti quos. Adipisci minima illum ipsam.',1,0,'2016-06-15 14:54:05'),(148,60,70,'Blanditiis quis quo dolorem animi. Sed porro provident animi. Similique reiciendis est dolorem modi illo consequatur voluptas.',1,0,'2016-10-04 13:37:51'),(149,71,45,'Tenetur delectus voluptatem ducimus quae. Vel ea natus ut ducimus voluptatem atque. Dignissimos autem maiores sit eaque.',0,0,'2015-04-07 21:56:32'),(150,9,10,'Labore est optio molestiae dolorem et eos. Repellendus non expedita eos fuga velit ad ea. Iure blanditiis sed nulla eius atque aliquam architecto.',1,1,'2011-11-29 02:34:53'),(151,22,80,'Magnam eos quo aut. Laboriosam est rerum enim est et qui. Nostrum nulla odio ea quia.',0,1,'2019-01-26 01:32:45'),(152,33,26,'Est id aliquid quisquam molestias qui quo. Consectetur harum ut ut soluta nihil nisi error. Eligendi expedita veniam tenetur totam nihil et. Soluta harum esse aut repudiandae unde.',0,1,'2014-10-24 16:45:31'),(153,31,75,'Reprehenderit voluptate quos id odio. Sed eos non est et ut. Voluptates ipsam illo voluptatem voluptas quis id. Nihil vel ipsa vel dolorum dicta fugit voluptatum. Tempora accusamus voluptatum amet.',1,1,'2014-03-28 20:33:10'),(154,83,87,'Vitae iste et occaecati earum atque dicta. Repudiandae et earum sit. Et occaecati nemo quos facilis. Eos placeat nihil quia.',1,1,'2018-05-19 04:13:23'),(155,86,68,'Minima voluptas voluptas qui amet. Vel ut porro perspiciatis ducimus et sit. Suscipit deleniti culpa aut ducimus quis aut et.',1,0,'2020-03-16 12:36:55'),(156,81,100,'Et quas vitae qui ad explicabo eum dignissimos. Ea eius quos ut ea et cumque minus quia. Vitae numquam et consequatur voluptas eos doloremque.',1,1,'2018-12-09 06:49:04'),(157,57,83,'Reprehenderit et provident eaque et et et reiciendis. Et ea recusandae qui explicabo. Sequi quam quis sed assumenda natus.',1,1,'2018-06-04 17:11:42'),(158,45,76,'Quae eligendi dolor et fugit ullam autem. Et est provident omnis et. In aut cumque sit sunt dolores. Possimus dolor provident ut autem sed. Saepe nesciunt quo accusamus consectetur commodi ut.',1,1,'2016-09-29 23:08:25'),(159,43,85,'Mollitia illum cumque est quod error et. Praesentium aut quis laborum. Esse eligendi dolorum omnis dolores qui qui.',0,1,'2013-08-30 21:14:21'),(160,99,38,'Vel voluptatem architecto sed accusamus. Et non maxime nemo voluptas sit amet quasi ut. Dolorem et sequi ipsa quam doloribus sint explicabo.',0,1,'2017-04-19 04:40:30'),(161,91,41,'Neque nulla architecto commodi et voluptatum. Non nisi minima ut et. Totam et enim enim nesciunt porro.',1,1,'2020-10-31 13:26:58'),(162,33,42,'Qui qui dolor tempore ut. Ipsa modi qui sed qui eum. Vitae omnis consequatur rerum id pariatur ut et similique.',0,0,'2012-08-18 14:00:35'),(163,11,29,'Dolore perferendis sunt odio. Perferendis nihil quos nulla unde rerum hic.',1,0,'2013-07-15 01:37:20'),(164,12,70,'Commodi quas ad nisi eum qui dolorum. Aut expedita distinctio quas excepturi iusto quia. Nobis aut non et pariatur aut dolores.',1,0,'2013-10-24 15:47:42'),(165,14,59,'Nam provident minima eum error maxime deserunt. Aut eligendi ipsa veritatis non dolores voluptatem sint. Consectetur delectus aliquam rem voluptatem.',0,0,'2018-04-22 02:07:26'),(166,54,90,'Voluptates repellat dolores est exercitationem unde inventore. Et et ex sunt quod velit sequi. Labore quia qui praesentium vitae quam voluptatibus ut. Natus aspernatur excepturi vitae.',0,1,'2020-05-06 20:18:46'),(167,89,76,'Qui nobis rem ut quia et commodi qui. Commodi aliquid aut laboriosam sunt. Expedita fuga similique omnis et veniam. Et et inventore veniam facilis unde qui veniam distinctio.',0,0,'2016-11-27 02:49:14'),(168,12,29,'Exercitationem perferendis placeat consequatur neque. Eveniet cumque ab corporis eos amet eum et. Quo quia ratione qui cupiditate sunt consequatur qui.',0,1,'2013-11-24 17:02:55'),(169,11,67,'Dolor quo veniam unde consectetur totam perferendis ipsum. Autem minima dignissimos sit. Ut repellat voluptatem id ad.',1,0,'2011-07-24 23:08:58'),(170,2,9,'Molestias cumque qui iste ab necessitatibus exercitationem aut. Eos iste sit mollitia perferendis libero inventore.',0,0,'2018-02-17 16:43:18'),(171,38,63,'Aut qui iure consequuntur architecto vero possimus. Qui tempora qui at magni voluptatem nobis iure. Vel necessitatibus ad sint nostrum qui.',0,0,'2017-01-13 10:31:41'),(172,1,16,'Natus sed et in. Animi quia et laudantium libero. Reprehenderit ipsa earum dolorem necessitatibus quod quia. Labore rerum omnis quisquam est ipsa.',0,0,'2011-03-16 10:58:35'),(173,78,39,'Velit molestias sequi perferendis ea et. Voluptatibus itaque vitae necessitatibus incidunt nam iste aliquid. Laudantium harum voluptas aspernatur.',0,0,'2018-09-23 02:17:12'),(174,61,86,'Aut reiciendis aut ipsa inventore quibusdam reprehenderit consectetur. Iusto quae sunt in. Cupiditate id et qui cupiditate.',0,0,'2015-07-27 21:59:46'),(175,47,78,'Harum rerum dolorum officia quia. Officia temporibus atque explicabo et. Doloribus qui exercitationem eligendi repudiandae dicta id.',1,1,'2020-10-06 15:51:08'),(176,49,10,'Perspiciatis neque animi et consequuntur itaque. Fuga rerum qui omnis ut qui minus sint. Porro cum sunt sed quibusdam eligendi.',1,1,'2013-01-09 18:25:25'),(177,2,79,'Tempora qui id ipsam quaerat possimus quis earum. Eum qui quia et fugit corrupti doloribus est. Sit consequatur consequuntur aliquid aliquid laudantium. Repudiandae aut debitis sit non.',0,1,'2016-01-24 17:46:42'),(178,87,98,'Culpa amet nam sed odio incidunt. Id sapiente pariatur illum molestias. Fugit totam vel labore saepe eos. Voluptas consequuntur dolorem culpa quia et sunt molestiae cupiditate.',1,0,'2013-09-02 00:21:31'),(179,30,53,'Quam dicta voluptatum nihil in incidunt. Sit et dolore velit repudiandae sunt rerum optio. Dicta enim accusantium culpa deserunt vel voluptatum.',1,1,'2020-07-25 09:31:47'),(180,75,15,'Nobis id ut commodi error dolorum quas vero. Laudantium adipisci itaque magni eaque laborum odit. Quas amet itaque eos dolor quo.',1,0,'2018-04-26 12:36:04'),(181,48,97,'Nemo voluptate consequuntur debitis itaque. Ut itaque facere quo autem repudiandae.\nEt aspernatur eveniet voluptas rem nostrum optio ut. Hic rerum sint a rerum ut harum doloribus.',0,1,'2015-04-06 12:23:38'),(182,41,14,'Nostrum ut non est perspiciatis. Enim suscipit incidunt aliquam aliquid recusandae atque numquam. Aut rerum sed saepe distinctio exercitationem.',0,1,'2012-02-21 05:45:02'),(183,44,79,'Odit iste hic ut rerum autem. Voluptatem quo repellat quis et. Voluptatem aut placeat et quia cumque deserunt officia. Dolor debitis autem velit.',1,1,'2016-01-23 11:03:30'),(184,61,68,'Vero omnis sit eos rerum non. Adipisci nisi sed pariatur perferendis quam autem. Quia dolore corrupti labore aut deserunt id. Modi accusantium qui harum unde et amet.',0,0,'2014-12-22 15:45:10'),(185,57,80,'Voluptatem quia dicta debitis nemo culpa. Rerum maxime earum incidunt ducimus. Omnis blanditiis corporis nulla. Quia et aliquid possimus quidem.',1,0,'2019-05-21 12:22:41'),(186,27,96,'Qui et qui nisi aut quam qui. Unde impedit et aspernatur quia voluptatibus incidunt. Atque itaque quis officia numquam. Inventore magnam ipsam itaque incidunt aut recusandae exercitationem.',0,0,'2013-11-28 19:47:57'),(187,100,12,'Amet rerum ad quia neque nulla. Autem dolores rem dolores neque nostrum. Vel molestias hic dolore quo. Quibusdam vel eveniet nostrum accusamus est praesentium.',1,1,'2013-03-30 09:10:25'),(188,57,48,'Vero fugiat nam et sapiente dolorum odio. Quam nisi temporibus omnis qui voluptatibus est error.',1,1,'2014-02-12 10:48:21'),(189,68,95,'Sint dignissimos expedita cum et. Et sit molestiae ea molestiae corrupti omnis. Quisquam eos vitae quia et quam praesentium mollitia doloremque. Optio sit eum sint consectetur vel vel.',0,1,'2018-05-18 14:57:49'),(190,73,79,'Architecto voluptas sed adipisci rerum. Quod aut eum recusandae cupiditate in. Pariatur ipsa nihil repellat placeat accusantium error.',0,1,'2013-01-11 13:11:08'),(191,75,36,'Maxime illum voluptate ducimus ipsa ut ipsa. Quia reprehenderit atque accusamus et quia veritatis. Aut aliquid quae assumenda voluptatem eveniet.',0,0,'2011-07-11 06:02:00'),(192,57,75,'Consequuntur qui quaerat amet pariatur autem incidunt. Corporis dolores commodi similique. Non expedita aut autem aut distinctio error. Beatae provident deserunt nulla nulla.',1,1,'2017-04-13 17:56:24'),(193,4,96,'Voluptatem quibusdam magnam quos omnis ipsam est. Perferendis repellendus nihil vitae et atque. Quia ea quis autem voluptatibus omnis quia aut.',0,0,'2015-12-31 14:54:08'),(194,66,42,'Et occaecati eum fugiat quae. Aspernatur commodi animi omnis excepturi. Deserunt odit temporibus sit maxime delectus. Omnis commodi velit saepe vel.',0,0,'2019-10-14 11:27:26'),(195,13,38,'Unde sed blanditiis id voluptatem. Accusantium voluptates nemo veniam qui in.',1,1,'2018-12-20 21:21:23'),(196,50,34,'Et qui sapiente voluptas dolore quia eum maiores consequatur. Aut eaque qui mollitia maiores voluptatem. Perferendis suscipit excepturi minus ex nisi quia est.',0,0,'2019-07-31 18:47:28'),(197,22,5,'Esse voluptatibus ipsa aliquam praesentium et ex. Vel nulla aspernatur dolorem amet. Vel accusamus quae similique repellendus. Non eveniet rerum nostrum repellendus expedita eius.',0,1,'2014-01-19 11:44:39'),(198,60,86,'Libero est dicta neque libero nostrum saepe quis. Repellat in accusamus quo dolor. Labore debitis illo pariatur. Dolorum quia et corrupti.',1,0,'2015-12-11 20:11:07'),(199,47,78,'Quo eum aliquam illum ad deserunt. Non enim nihil quos voluptas repellat veritatis.',0,0,'2011-09-30 04:24:20'),(200,46,98,'Modi est occaecati facere quia. Tenetur enim optio deserunt. Autem quas eum tempora fuga officiis. Sit doloribus nisi corrupti sit. Eveniet accusantium temporibus nesciunt vitae cum eveniet totam.',1,1,'2020-01-27 04:30:00');
/*!40000 ALTER TABLE `messages` ENABLE KEYS */;
UNLOCK TABLES;

--
-- Table structure for table `profiles`
--

DROP TABLE IF EXISTS `profiles`;
/*!40101 SET @saved_cs_client     = @@character_set_client */;
/*!50503 SET character_set_client = utf8mb4 */;
CREATE TABLE `profiles` (
  `user_id` int unsigned NOT NULL,
  `gender` enum('F','M') COLLATE utf8mb4_unicode_ci DEFAULT NULL,
  `birthday` date DEFAULT NULL,
  `city` varchar(100) CHARACTER SET utf8mb4 COLLATE utf8mb4_unicode_ci DEFAULT NULL,
  `country` varchar(100) CHARACTER SET utf8mb4 COLLATE utf8mb4_unicode_ci DEFAULT NULL,
  `created_at` datetime DEFAULT CURRENT_TIMESTAMP,
  `updated_at` datetime DEFAULT CURRENT_TIMESTAMP ON UPDATE CURRENT_TIMESTAMP,
  PRIMARY KEY (`user_id`)
) ENGINE=InnoDB DEFAULT CHARSET=utf8mb4 COLLATE=utf8mb4_unicode_ci;
/*!40101 SET character_set_client = @saved_cs_client */;

--
-- Dumping data for table `profiles`
--

LOCK TABLES `profiles` WRITE;
/*!40000 ALTER TABLE `profiles` DISABLE KEYS */;
INSERT INTO `profiles` VALUES (1,'M','2015-03-15','East Toreyville','American Samoa','2016-03-14 15:28:21','2021-02-15 21:13:53'),(2,'F','2014-04-22','West America','Libyan Arab Jamahiriya','2018-10-06 02:33:15','2021-02-15 21:13:53'),(3,'M','2020-05-19','Lake Lurline','Northern Mariana Islands','2019-11-05 07:45:16','2020-02-25 19:25:23'),(4,'M','2020-10-31','Wilfridchester','Mexico','2016-08-19 02:00:58','2021-02-15 21:13:53'),(5,'F','2019-11-20','Columbusfort','Guam','2016-03-18 05:04:04','2019-02-13 07:09:05'),(6,'F','2018-08-21','Andersontown','United States Minor Outlying Islands','2018-01-08 01:55:48','2021-02-15 21:13:53'),(7,'F','2019-11-16','Port Alexieborough','Japan','2020-09-03 18:16:22','2021-02-15 21:13:53'),(8,'F','2018-06-09','North Marionshire','Namibia','2012-05-13 16:43:52','2019-02-09 07:02:17'),(9,'F','2011-05-18','Lake Tillmanhaven','Madagascar','2015-06-10 22:38:47','2020-05-09 08:19:01'),(10,'M','2013-11-09','New Dasiaborough','Egypt','2021-01-08 12:23:15','2021-02-15 21:13:53'),(11,'M','2013-02-18','Doyleborough','Papua New Guinea','2020-10-18 20:28:17','2021-02-15 21:13:53'),(12,'F','2019-02-01','West Kaylee','Martinique','2012-10-11 19:22:23','2014-05-03 05:57:06'),(13,'F','2020-12-14','North Derickshire','Mexico','2013-06-01 06:06:42','2013-12-26 06:46:03'),(14,'F','2019-10-28','O\'Connermouth','Switzerland','2015-03-18 06:28:53','2021-02-15 21:13:53'),(15,'M','2017-05-13','North Pete','Pitcairn Islands','2021-01-16 10:46:11','2021-02-15 21:13:53'),(16,'M','2013-12-27','North Dominic','Tokelau','2016-10-07 17:49:02','2021-02-15 21:13:53'),(17,'F','2014-04-21','North Aprilfort','Angola','2018-11-15 03:20:50','2019-06-28 10:33:19'),(18,'M','2016-05-17','South Elbert','South Georgia and the South Sandwich Islands','2011-05-04 18:05:04','2019-10-15 08:41:05'),(19,'F','2013-11-01','Krajciktown','Paraguay','2019-07-08 20:43:20','2021-02-15 21:13:53'),(20,'M','2011-02-17','Cordiaborough','Guernsey','2017-01-31 13:45:52','2020-07-14 17:47:39'),(21,'M','2012-08-30','Stehrmouth','Philippines','2013-05-13 06:35:25','2021-02-15 21:13:53'),(22,'F','2014-02-12','Dannyhaven','Norfolk Island','2020-09-02 23:58:45','2021-02-15 21:13:53'),(23,'M','2014-04-14','West Liahaven','Cocos (Keeling) Islands','2019-08-24 00:09:23','2021-02-15 21:13:53'),(24,'M','2018-04-22','Kiehnstad','Lebanon','2017-10-03 05:02:38','2021-02-15 21:13:53'),(25,'M','2013-02-27','Littelview','Mongolia','2020-11-04 15:36:02','2021-02-15 21:13:53'),(26,'M','2018-10-09','North Kaleborough','Ukraine','2011-12-24 15:15:17','2013-07-10 12:42:10'),(27,'F','2015-09-06','Mariaport','Lebanon','2017-06-24 19:21:57','2021-02-15 21:13:53'),(28,'M','2014-03-26','Vidachester','Faroe Islands','2012-01-24 05:08:03','2014-12-18 05:25:57'),(29,'M','2016-10-26','West Maymieside','Gibraltar','2020-04-28 15:54:36','2021-02-15 21:13:53'),(30,'F','2019-04-15','Bernierfort','Honduras','2013-04-09 07:15:12','2019-02-08 21:53:44'),(31,'F','2013-01-27','Haagchester','Norway','2019-02-12 12:41:31','2021-02-15 21:13:53'),(32,'M','2013-09-27','Port Ovaview','United Kingdom','2016-07-25 15:54:34','2021-02-15 21:13:53'),(33,'M','2017-07-09','East Ricochester','Cayman Islands','2014-03-17 20:12:05','2020-01-16 17:48:50'),(34,'M','2013-08-16','Pedroshire','United States Virgin Islands','2014-04-28 13:39:04','2020-03-04 21:13:31'),(35,'F','2013-03-21','Jayport','Turkey','2017-05-11 15:18:58','2021-02-15 21:13:53'),(36,'F','2013-04-27','West Merlinberg','Bangladesh','2020-03-06 00:16:15','2020-12-02 01:09:07'),(37,'F','2019-06-02','Emardville','Saint Lucia','2015-07-11 19:38:41','2021-02-15 21:13:53'),(38,'F','2016-03-31','West Nyashire','Western Sahara','2014-03-19 13:03:33','2017-05-13 18:45:17'),(39,'F','2016-05-01','South Julius','Antigua and Barbuda','2012-06-10 00:06:16','2014-06-23 07:56:15'),(40,'M','2013-11-05','West Hilarioborough','United Arab Emirates','2017-08-15 16:05:34','2021-02-15 21:13:53'),(41,'F','2020-12-21','South Keyshawnland','Samoa','2015-12-14 15:54:03','2021-02-15 21:13:53'),(42,'M','2020-08-25','Greenfeldershire','Barbados','2019-08-31 02:07:14','2021-02-15 21:13:53'),(43,'M','2017-09-07','Port Yasmeentown','Palau','2011-02-19 20:28:40','2021-01-06 21:16:02'),(44,'M','2020-03-26','South Stefanstad','Italy','2017-11-26 21:31:27','2019-11-05 04:54:17'),(45,'F','2019-09-26','Barrowsmouth','United States Minor Outlying Islands','2019-11-26 06:29:35','2021-02-15 21:13:53'),(46,'F','2011-10-30','Lake Elisabethberg','Turks and Caicos Islands','2013-01-10 13:25:23','2021-02-15 21:13:53'),(47,'F','2016-11-14','East Wendychester','Serbia','2015-08-30 12:48:26','2016-12-13 18:43:15'),(48,'F','2018-04-10','Schusterfort','Israel','2017-12-13 15:26:13','2019-06-29 10:21:30'),(49,'M','2017-11-14','West Emmettshire','Mayotte','2020-01-02 16:31:41','2021-02-15 21:13:53'),(50,'M','2014-12-09','Port Joy','Estonia','2014-05-10 08:42:33','2020-01-04 02:34:31'),(51,'M','2016-03-23','Lake Carmellastad','Lao People\'s Democratic Republic','2015-08-15 19:57:42','2020-01-24 01:00:00'),(52,'F','2015-12-20','Deborahshire','Palestinian Territory','2013-09-11 15:26:44','2021-02-15 21:13:53'),(53,'M','2014-09-07','Lake Dewitt','Cayman Islands','2016-06-18 00:05:42','2021-02-15 21:13:53'),(54,'F','2020-11-28','New Octaviaburgh','Solomon Islands','2014-02-03 17:15:14','2021-02-15 21:13:53'),(55,'M','2013-01-27','Lake Gailview','Denmark','2018-05-16 21:00:01','2019-07-05 04:33:52'),(56,'M','2015-03-01','Greenholtland','Croatia','2017-07-21 15:16:46','2020-11-08 23:10:23'),(57,'F','2012-05-31','North Codybury','Luxembourg','2018-11-22 22:14:59','2021-02-15 21:13:53'),(58,'F','2014-04-05','North Christtown','Gibraltar','2011-06-30 00:04:18','2015-03-02 18:31:31'),(59,'F','2012-10-05','Port Celestine','Cote d\'Ivoire','2020-05-22 12:56:14','2021-02-15 21:13:53'),(60,'F','2013-07-23','South Gustave','Cuba','2019-03-15 20:04:45','2021-02-15 21:13:53'),(61,'M','2015-05-23','Edmundhaven','New Zealand','2017-12-03 23:28:35','2021-02-15 21:13:53'),(62,'F','2017-10-03','Champlintown','Thailand','2015-09-07 22:07:46','2017-02-06 02:18:24'),(63,'M','2019-07-15','Lake Julienland','Lebanon','2016-04-26 02:12:52','2021-02-15 21:13:53'),(64,'M','2016-10-31','Conroytown','Norfolk Island','2011-06-30 12:34:06','2019-09-25 12:28:15'),(65,'F','2019-07-26','Windlerborough','Bangladesh','2018-02-28 08:00:48','2021-02-15 21:13:53'),(66,'M','2011-06-25','South Chadrick','Tanzania','2014-03-26 12:55:43','2017-11-17 06:47:15'),(67,'F','2021-02-02','Mosciskimouth','Georgia','2014-11-24 22:57:18','2017-07-05 14:43:52'),(68,'M','2019-03-11','Stehrhaven','Angola','2020-02-16 05:53:41','2021-02-15 21:13:53'),(69,'M','2016-02-08','East Kyliemouth','Ethiopia','2017-08-02 04:38:12','2018-08-25 20:45:35'),(70,'M','2019-06-11','Corwinview','Singapore','2018-05-17 12:44:45','2021-02-15 21:13:53'),(71,'F','2011-08-14','Hamillberg','Solomon Islands','2014-12-23 20:30:34','2016-03-07 17:35:48'),(72,'F','2011-03-28','Gibsonhaven','Honduras','2014-06-26 22:16:31','2021-02-15 21:13:53'),(73,'F','2014-06-09','Leschhaven','Macedonia','2017-01-20 08:03:40','2017-01-26 03:58:15'),(74,'M','2015-03-22','Ratkemouth','Tokelau','2017-04-20 01:21:25','2021-02-15 21:13:53'),(75,'F','2020-01-05','Blandashire','Sweden','2014-08-28 00:25:35','2021-02-15 21:13:53'),(76,'M','2012-10-11','Duaneport','Falkland Islands (Malvinas)','2019-03-27 19:27:11','2021-02-15 21:13:53'),(77,'M','2019-06-02','Lake Archibald','Guyana','2014-09-05 07:09:42','2021-02-15 21:13:53'),(78,'M','2015-10-09','Port Shad','Niger','2014-01-01 11:52:37','2021-02-15 21:13:53'),(79,'F','2015-08-03','West Zettachester','Antarctica (the territory South of 60 deg S)','2017-02-22 01:32:20','2021-02-15 21:13:53'),(80,'M','2019-06-04','Lake Brionnaberg','Paraguay','2018-01-30 05:40:42','2021-02-15 21:13:53'),(81,'F','2013-02-14','Lake Blazeton','Senegal','2015-12-19 08:53:42','2018-05-05 16:53:43'),(82,'M','2016-12-07','Gusside','Portugal','2018-11-30 13:57:58','2021-02-15 21:13:53'),(83,'M','2016-08-28','East Isabellefort','Swaziland','2019-07-14 08:24:57','2020-09-19 14:08:39'),(84,'F','2017-06-30','Johnstonborough','Spain','2014-03-25 01:39:38','2018-04-29 23:56:13'),(85,'M','2013-11-13','Mayerttown','Cameroon','2018-08-11 15:34:00','2021-02-15 21:13:53'),(86,'F','2020-10-02','Stehrland','Kenya','2015-08-02 03:25:55','2017-09-15 12:48:54'),(87,'F','2012-03-09','Port Virginieshire','Holy See (Vatican City State)','2015-08-20 12:10:32','2016-05-15 16:58:50'),(88,'M','2019-11-21','Port Meggieport','Malaysia','2018-05-03 09:31:57','2021-02-15 21:13:53'),(89,'M','2016-01-01','Port Simone','South Africa','2011-06-19 01:35:57','2014-12-08 19:29:58'),(90,'M','2014-01-29','Cormiertown','Norfolk Island','2017-05-08 18:54:40','2021-02-15 21:13:53'),(91,'M','2017-04-26','Mayertburgh','Uruguay','2016-08-27 19:43:47','2019-03-30 19:26:16'),(92,'M','2014-02-25','North Camron','Cote d\'Ivoire','2018-09-26 12:36:49','2021-02-15 21:13:53'),(93,'F','2016-07-27','North Ottis','New Caledonia','2012-07-27 17:35:14','2019-05-23 01:51:55'),(94,'F','2011-06-21','Lake Esperanza','Kazakhstan','2015-01-03 08:28:37','2021-02-15 21:13:53'),(95,'F','2015-12-14','South Simeonchester','New Caledonia','2012-06-29 14:57:44','2013-12-07 08:59:12'),(96,'M','2016-10-05','Croninville','Portugal','2020-01-20 08:17:23','2021-02-15 21:13:53'),(97,'M','2015-09-07','Lake Beau','Sierra Leone','2015-07-03 17:21:28','2021-02-15 21:13:53'),(98,'M','2017-10-03','West Jasen','Cook Islands','2019-01-28 09:47:55','2021-02-15 21:13:53'),(99,'M','2018-03-19','Jonesburgh','Jamaica','2020-11-30 00:41:53','2021-02-15 21:13:53'),(100,'M','2016-08-27','Chancechester','El Salvador','2019-04-20 12:59:47','2021-02-15 21:13:53');
/*!40000 ALTER TABLE `profiles` ENABLE KEYS */;
UNLOCK TABLES;

--
-- Table structure for table `users`
--

DROP TABLE IF EXISTS `users`;
/*!40101 SET @saved_cs_client     = @@character_set_client */;
/*!50503 SET character_set_client = utf8mb4 */;
CREATE TABLE `users` (
  `id` int unsigned NOT NULL AUTO_INCREMENT,
  `first_name` varchar(100) CHARACTER SET utf8mb4 COLLATE utf8mb4_unicode_ci NOT NULL,
  `last_name` varchar(100) CHARACTER SET utf8mb4 COLLATE utf8mb4_unicode_ci NOT NULL,
  `email` varchar(150) CHARACTER SET utf8mb4 COLLATE utf8mb4_unicode_ci NOT NULL,
  `phone` varchar(30) CHARACTER SET utf8mb4 COLLATE utf8mb4_unicode_ci NOT NULL,
  `created_at` datetime DEFAULT CURRENT_TIMESTAMP,
  `updated_at` datetime DEFAULT CURRENT_TIMESTAMP ON UPDATE CURRENT_TIMESTAMP,
  PRIMARY KEY (`id`),
  UNIQUE KEY `email` (`email`),
  UNIQUE KEY `phone` (`phone`)
) ENGINE=InnoDB AUTO_INCREMENT=101 DEFAULT CHARSET=utf8mb4 COLLATE=utf8mb4_unicode_ci;
/*!40101 SET character_set_client = @saved_cs_client */;

--
-- Dumping data for table `users`
--

LOCK TABLES `users` WRITE;
/*!40000 ALTER TABLE `users` DISABLE KEYS */;
INSERT INTO `users` VALUES (1,'Edwina','Gleichner','xcrona@example.com','(000)264-5061x881','2017-06-23 20:17:19','2021-02-15 20:20:12'),(2,'Louvenia','Hahn','grant.marcus@example.org','(144)004-4090x92291','2012-01-17 18:40:00','2021-02-15 20:20:12'),(3,'Josie','Renner','dolly30@example.net','+75(3)9962415993','2018-03-06 10:12:11','2021-02-15 20:20:12'),(4,'Mekhi','Anderson','libby.shanahan@example.net','130.023.4725x190','2017-01-09 03:27:44','2021-02-15 20:21:06'),(5,'Sigrid','Erdman','armando38@example.org','+06(4)2784087060','2020-10-26 04:40:34','2021-02-15 20:21:06'),(6,'Doyle','Nolan','farrell.salvatore@example.org','228-067-9257','2020-11-06 19:27:53','2021-02-15 20:21:06'),(7,'Shyanne','Barrows','nsmitham@example.org','456-398-2200x7604','2019-06-06 20:32:50','2021-02-15 20:21:06'),(8,'Soledad','Collins','bernier.hillary@example.com','850.121.0578x58647','2019-05-06 08:05:10','2021-02-15 20:21:06'),(9,'Laurence','Mitchell','donald.friesen@example.com','(827)337-7129x8715','2020-05-30 00:50:00','2021-02-15 20:21:06'),(10,'Sincere','Schmidt','otha89@example.net','+59(0)6195751909','2020-06-22 07:53:36','2021-02-15 20:21:06'),(11,'Trace','Kris','litzy.denesik@example.net','(830)528-6862','2018-08-26 11:47:42','2021-02-15 20:21:06'),(12,'Kamryn','Hirthe','sibyl87@example.com','1-314-279-0893','2014-12-31 23:02:59','2021-02-15 20:20:12'),(13,'Thad','Conn','hackett.kenton@example.net','811-191-2284x23653','2011-12-27 05:01:45','2021-02-15 20:20:12'),(14,'Zora','Williamson','fahey.gertrude@example.org','526-482-0873x35289','2016-01-01 03:11:15','2021-02-15 20:21:06'),(15,'Dax','Pouros','turner.nestor@example.com','+47(4)9936217399','2011-06-12 05:41:22','2021-02-15 20:20:12'),(16,'Kyleigh','Ankunding','dietrich.lorna@example.org','1-014-936-8928x921','2013-12-03 09:32:15','2021-02-15 20:20:12'),(17,'Donnie','Dare','adell.corwin@example.net','(654)918-3566','2018-06-13 01:39:50','2021-02-15 20:21:06'),(18,'Titus','Hyatt','smoen@example.net','320-961-7633x83844','2013-04-05 13:26:57','2021-02-15 20:21:06'),(19,'Amos','Feil','lmarks@example.org','1-723-116-2041x79264','2015-05-28 08:32:23','2021-02-15 20:20:12'),(20,'Keagan','Stoltenberg','leonie.buckridge@example.net','1-189-134-4449','2017-07-07 18:35:36','2021-02-15 20:20:12'),(21,'Rahul','Nader','grimes.deshawn@example.com','717-273-6732','2014-08-26 01:52:43','2021-02-15 20:20:12'),(22,'Virgie','Lubowitz','stracke.edison@example.net','(789)545-6299x52693','2016-10-14 02:42:18','2021-02-15 20:21:06'),(23,'Robin','Johnson','maria.rogahn@example.net','+62(3)0087285807','2021-01-24 01:18:19','2021-02-15 20:21:06'),(24,'Jennifer','Turner','vwyman@example.com','1-363-720-7923x57503','2018-06-17 19:15:14','2021-02-15 20:21:06'),(25,'Katherine','Murazik','ryley49@example.net','167-078-5070x328','2013-05-08 09:57:48','2021-02-15 20:20:12'),(26,'Sidney','Tillman','tthompson@example.net','234.725.5769x7271','2020-04-01 20:42:02','2021-02-15 20:21:06'),(27,'Tanner','Langworth','kschaden@example.net','(099)432-1662x190','2013-12-15 07:05:22','2021-02-15 20:20:12'),(28,'Ollie','Schinner','celestino92@example.net','05472345231','2017-03-18 12:53:23','2021-02-15 20:21:06'),(29,'Nicolette','Graham','mgulgowski@example.net','02619285211','2016-01-12 12:25:57','2021-02-15 20:21:06'),(30,'Tatum','Feeney','ubecker@example.com','527.758.1944','2013-05-08 19:58:56','2021-02-15 20:21:06'),(31,'Orion','Gutmann','zcrona@example.com','+34(7)1384091754','2017-02-16 21:17:05','2021-02-15 20:21:06'),(32,'Eliza','Runolfsson','ustokes@example.net','072-533-7454x790','2014-03-03 06:10:25','2021-02-15 20:21:06'),(33,'Jaqueline','Upton','rauer@example.org','1-768-867-5797x2861','2017-03-01 22:17:53','2021-02-15 20:21:06'),(34,'Price','Brakus','qkiehn@example.com','385.166.4567','2018-05-21 09:29:11','2021-02-15 20:21:06'),(35,'Elenor','Parisian','celestine.nitzsche@example.org','491-869-4773x902','2012-07-24 15:07:21','2021-02-15 20:20:12'),(36,'Prince','DuBuque','levi44@example.com','1-064-809-9879','2013-02-10 16:06:58','2021-02-15 20:20:12'),(37,'Trever','Douglas','jbatz@example.org','1-983-815-7367','2015-10-17 02:42:41','2021-02-15 20:21:06'),(38,'Richmond','Stoltenberg','block.flossie@example.net','1-819-150-2517','2013-11-02 15:00:00','2021-02-15 20:20:12'),(39,'Mariano','Jacobs','roberto62@example.org','+62(1)4260470471','2013-10-13 00:31:26','2021-02-15 20:20:12'),(40,'Davonte','Kulas','morissette.kamren@example.org','580.465.1431','2015-07-02 15:32:28','2021-02-15 20:20:12'),(41,'Jett','Legros','major69@example.org','636-349-6273','2018-03-29 21:40:30','2021-02-15 20:20:12'),(42,'Aiden','Harris','miller.dennis@example.net','287.428.0008x294','2016-04-29 23:34:47','2021-02-15 20:20:12'),(43,'Peyton','Steuber','wjacobs@example.org','969.287.1806x5504','2019-11-10 15:12:20','2021-02-15 20:21:06'),(44,'Jayda','Ebert','roob.hertha@example.net','791-708-0100x296','2012-07-26 07:30:02','2021-02-15 20:20:12'),(45,'Madaline','Rodriguez','jstrosin@example.org','05398671755','2011-09-27 11:37:52','2021-02-15 20:20:12'),(46,'Jefferey','Conn','haven94@example.org','182.471.0680','2014-09-20 22:40:30','2021-02-15 20:20:12'),(47,'Cloyd','Durgan','craig.gleichner@example.org','(694)640-5845','2017-06-04 18:19:18','2021-02-15 20:21:06'),(48,'Ardella','Konopelski','lavonne.runolfsdottir@example.net','139-337-7640x501','2018-07-10 07:42:23','2021-02-15 20:21:06'),(49,'Keven','Gottlieb','pcarter@example.org','1-702-004-5192x7164','2016-07-08 04:24:15','2021-02-15 20:21:06'),(50,'Ansel','Erdman','brielle.sauer@example.org','(928)703-9627x3424','2017-08-21 15:51:03','2021-02-15 20:21:06'),(51,'Alisha','Watsica','herminio94@example.org','1-097-047-4576x27222','2017-03-04 02:39:47','2021-02-15 20:21:06'),(52,'Eusebio','Grant','cartwright.raleigh@example.org','1-720-849-4381','2018-08-15 11:29:56','2021-02-15 20:21:06'),(53,'Mekhi','Daugherty','ludwig28@example.org','+22(0)2545102636','2018-09-18 06:26:58','2021-02-15 20:21:06'),(54,'Tom','Predovic','wbartoletti@example.net','1-835-606-2618x09797','2019-06-08 05:51:23','2021-02-15 20:21:06'),(55,'Doyle','Prohaska','jessica.wintheiser@example.net','+15(2)6560439777','2015-08-09 12:04:21','2021-02-15 20:20:12'),(56,'Martina','Douglas','koss.keira@example.com','217.482.3921x89600','2018-09-17 03:48:24','2021-02-15 20:21:06'),(57,'Orie','Reynolds','mtromp@example.com','+06(9)0838629970','2019-04-05 19:46:09','2021-02-15 20:21:06'),(58,'Afton','Grady','mccullough.mauricio@example.org','1-386-012-1766x68542','2011-02-28 15:50:04','2021-02-15 20:20:12'),(59,'Bridie','Eichmann','jacobson.tania@example.org','+32(3)3359310046','2020-08-05 16:34:39','2021-02-15 20:21:06'),(60,'Pink','Hahn','kub.lillie@example.org','989-113-6100x360','2012-06-24 06:47:39','2021-02-15 20:20:12'),(61,'Carolanne','Klein','ywhite@example.com','469-220-0375x33274','2020-03-04 09:21:26','2021-02-15 20:21:06'),(62,'Stanton','Kiehn','ashleigh.osinski@example.com','(993)800-7027x882','2016-06-14 12:01:07','2021-02-15 20:20:12'),(63,'Santina','Grant','xmills@example.org','+88(8)5283716039','2016-09-25 07:15:01','2021-02-15 20:21:06'),(64,'Kenton','Adams','verla.renner@example.com','401-120-5058x55079','2013-05-02 17:24:17','2021-02-15 20:21:06'),(65,'Pat','Hyatt','dterry@example.com','(674)224-2920x2714','2013-12-20 03:17:53','2021-02-15 20:21:06'),(66,'Vicky','Lockman','orion.thompson@example.org','(475)994-1077','2013-04-20 02:34:32','2021-02-15 20:21:06'),(67,'Norene','O\'Connell','plarson@example.net','1-964-266-9051x65765','2014-03-29 01:28:59','2021-02-15 20:20:12'),(68,'Keely','Johnson','mante.alexandre@example.com','+39(9)9697305945','2012-07-29 20:28:11','2021-02-15 20:20:12'),(69,'Elijah','Hammes','lemke.judson@example.com','084.607.6648','2017-09-30 08:12:33','2021-02-15 20:20:12'),(70,'Keyshawn','Kerluke','quigley.rebekah@example.net','(235)236-3096x17351','2020-12-17 00:01:32','2021-02-15 20:21:06'),(71,'Brandi','Stokes','abdiel54@example.org','164-237-4075x57857','2020-11-08 23:16:47','2021-02-15 20:21:06'),(72,'Eddie','Anderson','barry.ankunding@example.net','(069)163-2564x3531','2011-06-26 09:02:25','2021-02-15 20:20:12'),(73,'Katharina','Klocko','caden37@example.com','191.045.1900','2015-04-10 21:30:07','2021-02-15 20:20:12'),(74,'Talon','Grimes','znicolas@example.org','815.721.5503x129','2011-08-26 06:39:43','2021-02-15 20:20:12'),(75,'Pasquale','Kshlerin','claud26@example.org','1-529-312-1606','2011-05-04 17:46:43','2021-02-15 20:20:12'),(76,'Jade','Senger','dana.zieme@example.com','900-004-0828x8479','2019-09-24 20:21:37','2021-02-15 20:21:06'),(77,'Shaniya','Kirlin','jordan.olson@example.org','(411)677-0822x486','2018-03-04 21:05:46','2021-02-15 20:21:06'),(78,'Gunnar','Stehr','estevan79@example.com','037-598-9954x63594','2015-12-26 20:19:59','2021-02-15 20:20:12'),(79,'Laurence','Kreiger','connor.brekke@example.com','1-167-504-7658x7109','2014-03-13 22:01:03','2021-02-15 20:20:12'),(80,'Fae','Brakus','sincere43@example.org','1-319-076-9118x043','2015-10-20 03:25:17','2021-02-15 20:20:12'),(81,'Conrad','Moore','ud\'amore@example.net','1-928-948-2620x69393','2011-11-18 07:10:50','2021-02-15 20:20:12'),(82,'Ethelyn','Windler','eugene03@example.org','(324)257-9644x782','2013-08-01 10:41:21','2021-02-15 20:20:12'),(83,'Werner','Mann','rkohler@example.net','683.589.6192x4873','2015-03-29 11:10:23','2021-02-15 20:20:12'),(84,'Obie','Berge','jeff53@example.net','(233)088-3443','2014-02-09 01:12:32','2021-02-15 20:20:12'),(85,'Elmore','Zulauf','johnson.tierra@example.org','(836)989-7103','2016-10-27 18:00:16','2021-02-15 20:21:06'),(86,'Shyanne','Brekke','conner.nicolas@example.org','626-216-9360','2019-01-31 14:43:30','2021-02-15 20:21:06'),(87,'Adele','Lakin','qlesch@example.org','1-171-644-7673x9501','2020-10-07 11:11:30','2021-02-15 20:21:06'),(88,'Ernestina','Zboncak','omitchell@example.com','1-261-592-7722','2018-11-30 14:47:30','2021-02-15 20:21:06'),(89,'Camilla','Jakubowski','kris.sigmund@example.net','411.201.7691x447','2014-02-14 08:01:57','2021-02-15 20:21:06'),(90,'Maynard','Jaskolski','elmer40@example.com','(392)693-3743x209','2018-03-28 22:38:24','2021-02-15 20:20:12'),(91,'Molly','Monahan','freda.dickens@example.net','1-795-727-0875x174','2013-03-06 00:16:13','2021-02-15 20:20:12'),(92,'Gregg','Dickens','jeanie00@example.org','640-434-0801x41678','2019-04-17 16:10:27','2021-02-15 20:21:06'),(93,'Chanelle','Grimes','iherman@example.net','1-595-064-5263','2012-08-11 07:30:28','2021-02-15 20:21:06'),(94,'Bonita','Predovic','rutherford.raoul@example.net','(816)827-8747','2013-09-18 05:47:09','2021-02-15 20:20:12'),(95,'Cordia','Smith','zieme.zachery@example.com','829-959-6784x301','2014-01-26 17:46:25','2021-02-15 20:20:12'),(96,'Thalia','Kunde','karine99@example.net','989-954-1441x20692','2012-04-20 08:52:47','2021-02-15 20:21:06'),(97,'Arlie','Schultz','wtoy@example.com','(215)484-1300','2011-11-24 06:05:07','2021-02-15 20:20:12'),(98,'Nelda','Hilpert','jordi56@example.net','613.737.1730x523','2019-07-02 17:13:43','2021-02-15 20:21:06'),(99,'Kaelyn','Krajcik','xander19@example.org','+13(5)7004759851','2015-01-15 18:20:12','2021-02-15 20:21:06'),(100,'Karina','O\'Hara','jstark@example.org','423-985-2454','2018-10-31 05:50:05','2021-02-15 20:21:06');
/*!40000 ALTER TABLE `users` ENABLE KEYS */;
UNLOCK TABLES;
/*!40103 SET TIME_ZONE=@OLD_TIME_ZONE */;

/*!40101 SET SQL_MODE=@OLD_SQL_MODE */;
/*!40014 SET FOREIGN_KEY_CHECKS=@OLD_FOREIGN_KEY_CHECKS */;
/*!40014 SET UNIQUE_CHECKS=@OLD_UNIQUE_CHECKS */;
/*!40101 SET CHARACTER_SET_CLIENT=@OLD_CHARACTER_SET_CLIENT */;
/*!40101 SET CHARACTER_SET_RESULTS=@OLD_CHARACTER_SET_RESULTS */;
/*!40101 SET COLLATION_CONNECTION=@OLD_COLLATION_CONNECTION */;
/*!40111 SET SQL_NOTES=@OLD_SQL_NOTES */;

-- Dump completed on 2021-02-16 15:05:29
